89871,-3.62,4.17,0.21,-0.031070062514,1.026611527966,0.202258454438,120.30118075063099,-81.197421061584,-24.468310396774005
89886,-3.48,4.31,0.14,-0.030647732513999996,1.016383637966,0.202334244438,120.761426750631,-81.48221656158401,-23.912407596774003
89901,-3.69,4.03,0.21,-0.031070062514,1.026611527966,0.202258454438,120.114334150631,-81.182131161584,-25.220399596774
89916,-3.55,4.17,0.28,-0.031070062514,1.026611527966,0.202258454438,118.39881035063101,-81.290917661584,-25.615772896774008
89931,-3.34,4.24,0.35,-0.030647732513999996,1.016383637966,0.202334244438,120.903664850631,-80.00478736158401,-23.607737996774
89946,-3.69,4.17,0.28,-0.031070062514,1.026611527966,0.202258454438,119.13012885063101,-80.63414066158401,-25.060499896774004
89961,-3.62,4.17,0.35,-0.031070062514,1.026611527966,0.202258454438,119.251540250631,-79.553932161584,-25.17606749677401
89976,-3.62,4.1,0.21,-0.031070062514,1.026611527966,0.202258454438,120.02576855063099,-80.254878561584,-24.175316496774002
89991,-3.48,4.1,0.49,-0.030647732513999996,1.016383637966,0.202334244438,120.198269150631,-80.669330761584,-23.736948996774004
90006,-3.41,4.24,0.28,-0.030647732513999996,1.016383637966,0.202334244438,119.396733450631,-80.363663461584,-25.264452696774
90021,-3.55,4.17,0.21,-0.030647732513999996,1.016383637966,0.202334244438,119.095712550631,-79.95139576158401,-25.496269896774006
90036,-3.41,4.1,0.07,-0.030647732513999996,1.016383637966,0.202334244438,120.463175050631,-80.26385786158399,-23.942843396774006
90051,-3.41,4.17,0.28,-0.031070062514,1.026611527966,0.202258454438,118.97738445063099,-80.763554461584,-25.278069996774
90066,-3.48,4.17,0.21,-0.030647732513999996,1.016383637966,0.202334244438,119.391637350631,-79.95867636158401,-25.270277496774003
90081,-3.55,4.24,0.42,-0.031070062514,1.026611527966,0.202258454438,120.733805250631,-81.339454461584,-24.340411196774003
90096,-3.55,4.31,0.49,-0.030647732513999996,1.016383637966,0.202334244438,120.332956050631,-80.13104666158401,-23.738234696774
90111,-3.55,4.17,0.49,-0.031070062514,1.026611527966,0.202258454438,119.11823795063101,-79.68917076158401,-25.074091096774005
90126,-3.55,4.31,0.14,-0.031070062514,1.026611527966,0.202258454438,119.25525175063099,-80.36196476158399,-25.270933396774
90141,-3.48,4.31,0.14,-0.031070062514,1.026611527966,0.202258454438,120.895485450631,-79.867850061584,-23.716195096774
90156,-3.69,4.17,0.28,-0.031076142514000003,1.0265357379659998,0.21334363443799997,120.39635525063099,-79.571404961584,-24.911190896774006
90171,-3.69,4.17,0.21,-0.031076142514000003,1.0265357379659998,0.21334363443799997,119.532804950631,-79.422333861584,-25.165047696774007
90186,-3.62,4.1,0.28,-0.031070062514,1.026611527966,0.202258454438,120.46455965063099,-79.860812361584,-23.842152696774004
90201,-3.48,4.38,0.42,-0.031070062514,1.026611527966,0.202258454438,120.202737050631,-79.99823546158402,-23.533625996774006
90216,-3.48,4.1,0.21,-0.031070062514,1.026611527966,0.202258454438,119.256322250631,-79.42087806158399,-25.071493596774
90231,-3.48,4.17,0.35,-0.031070062514,1.026611527966,0.202258454438,119.52324095063099,-79.688442061584,-25.374195496774
90246,-3.55,4.31,0.21,-0.031070062514,1.026611527966,0.202258454438,120.49048245063099,-79.86857876158399,-23.416090696774006
90261,-3.27,4.1,0.21,-0.031070062514,1.026611527966,0.202258454438,120.31659725063099,-79.857172061584,-23.955148896774002
90276,-3.55,4.24,0.35,-0.031070062514,1.026611527966,0.202258454438,119.407996150631,-80.232550961584,-25.053363296774005
90291,-3.34,4.31,0.35,-0.030647732513999996,1.016383637966,0.202334244438,120.34453285063098,-80.537975361584,-23.625894396773997
90306,-3.83,4.24,0.14,-0.030647732513999996,1.016383637966,0.202334244438,119.752369150631,-79.985372961584,-23.979130096774007
90321,-3.83,4.38,0.21,-0.031070062514,1.026611527966,0.202258454438,118.944352750631,-79.677764061584,-25.613149296774004
90336,-3.62,4.38,0.28,-0.031070062514,1.026611527966,0.202258454438,119.66302395063099,-79.555145061584,-25.369656396773998
90351,-3.55,4.38,0.07,-0.031070062514,1.026611527966,0.202258454438,120.49620675063099,-81.34964826158401,-23.607764096774
90366,-3.69,4.17,0.21,-0.031070062514,1.026611527966,0.202258454438,119.76533055063099,-79.98925616158401,-23.766099096774006
90381,-3.48,4.24,0.21,-0.031070062514,1.026611527966,0.202258454438,120.26336705063099,-80.244684761584,-24.907963596774003
90396,-3.55,4.38,0.42,-0.031070062514,1.026611527966,0.202258454438,120.593708150631,-80.93471026158399,-24.246201196774003
90411,-3.69,4.31,0.14,-0.030647732513999996,1.016383637966,0.202334244438,119.913292950631,-79.99289646158401,-23.653102896774
90426,-3.76,4.24,0.14,-0.031070062514,1.026611527966,0.202258454438,118.95114755063099,-80.21774686158399,-25.605382896774007
90441,-3.62,4.52,0.14,-0.031070062514,1.026611527966,0.202258454438,119.69882485063098,-79.834844461584,-24.833195696774002
90456,-3.48,4.24,0.21,-0.031063982514,1.0266873179659999,0.19117327443799997,120.48909785063098,-80.271624261584,-23.516781396774007
90471,-3.41,4.24,0.07,-0.031070062514,1.026611527966,0.202258454438,120.012493050631,-79.71295416158401,-24.289598396774004
90486,-3.76,4.1,0.14,-0.030647732513999996,1.016383637966,0.202334244438,118.674350750631,-79.678249861584,-25.413079696774
90501,-3.55,4.31,0.21,-0.030647732513999996,1.016383637966,0.202334244438,121.040364550631,-80.13954016158401,-23.705831196774
90516,-3.41,4.24,0.35,-0.030647732513999996,1.016383637966,0.202334244438,119.90341485063101,-79.720963461584,-23.763501596774
90531,-3.62,4.38,0.0,-0.030647732513999996,1.016383637966,0.202334244438,119.370182450631,-79.279814661584,-25.493016496774008
90546,-3.48,4.03,0.07,-0.030225402513999997,1.006155747966,0.20241003443799999,119.424040850631,-79.96838436158401,-24.737699996774
90561,-3.62,4.17,0.28,-0.030647732513999996,1.016383637966,0.202334244438,120.780240650631,-80.41195896158399,-23.395362896774003
90576,-3.41,4.1,0.28,-0.030647732513999996,1.016383637966,0.202334244438,120.00771105063099,-79.84600826158399,-24.394172296774002
90591,-3.48,4.24,0.28,-0.030647732513999996,1.016383637966,0.202334244438,118.53425365063099,-79.273505661584,-25.318869696774
90606,-3.41,4.31,0.28,-0.030647732513999996,1.016383637966,0.202334244438,120.48261715063099,-80.269682661584,-23.623296896774
90621,-3.76,4.03,0.28,-0.031070062514,1.026611527966,0.202258454438,119.327924050631,-79.98027686158402,-23.998572196774006
90636,-3.41,4.31,0.35,-0.030647732513999996,1.016383637966,0.202334244438,118.932775950631,-79.270835361584,-25.725489596774008
90651,-3.62,4.31,0.28,-0.031076142514000003,1.0265357379659998,0.21334363443799997,119.98487155063098,-79.570192061584,-24.717601996774
90666,-3.62,4.1,0.28,-0.030647732513999996,1.016383637966,0.202334244438,120.49897595063099,-80.543557261584,-23.406382696774006
90681,-3.41,4.17,0.21,-0.030647732513999996,1.016383637966,0.202334244438,119.98657025063099,-79.705187761584,-24.715660396774
90696,-3.62,4.31,0.28,-0.031070062514,1.026611527966,0.202258454438,119.096783050631,-79.01030906158401,-25.296830096774002
90711,-3.48,4.45,0.14,-0.031070062514,1.026611527966,0.202258454438,120.01079435063099,-79.577958461584,-24.291539996774002
90726,-3.62,3.97,0.42,-0.031070062514,1.026611527966,0.202258454438,119.29382185063099,-79.835573161584,-24.533091296774007
90741,-3.34,4.17,0.28,-0.031070062514,1.026611527966,0.202258454438,119.230399450631,-79.413111661584,-25.497555596774003
90756,-3.41,4.24,0.42,-0.031070062514,1.026611527966,0.202258454438,119.845088550631,-79.70348906158401,-24.722141096773996
90771,-3.41,4.31,0.42,-0.031070062514,1.026611527966,0.202258454438,120.64014355063101,-80.00721476158401,-23.301152896774006
90786,-3.55,4.1,0.35,-0.031070062514,1.026611527966,0.202258454438,119.580182650631,-80.108961961584,-24.516246696774004
90801,-3.55,4.24,0.35,-0.030647732513999996,1.016383637966,0.202334244438,119.223918750631,-79.41117006158399,-25.604071096774003
90816,-3.55,4.17,0.35,-0.030647732513999996,1.016383637966,0.202334244438,120.60295805063102,-80.130560861584,-23.938304296774003
90831,-3.41,4.17,0.35,-0.031070062514,1.026611527966,0.202258454438,119.298917950631,-80.240560261584,-24.527266496774008
90846,-3.48,4.24,0.49,-0.031070062514,1.026611527966,0.202258454438,119.098795850631,-79.68334596158401,-25.393637596774
90861,-3.9,4.24,0.42,-0.031070062514,1.026611527966,0.202258454438,120.286206550631,-80.520500961584,-24.584533896774005
90876,-3.48,4.24,0.28,-0.031070062514,1.026611527966,0.202258454438,120.513321950631,-80.144394961584,-23.092660996774
90891,-3.55,4.17,0.21,-0.030653812513999998,1.016307847966,0.21341942443799997,119.41416275063101,-79.696451361584,-24.848098696774002
90906,-3.55,4.1,0.42,-0.031070062514,1.026611527966,0.202258454438,118.94913475063099,-79.544709961584,-25.508575396774006
90921,-3.48,4.31,0.42,-0.031070062514,1.026611527966,0.202258454438,120.16555155063101,-80.12158156158401,-24.170777396774
90936,-3.55,4.31,0.07,-0.031070062514,1.026611527966,0.202258454438,120.900267450631,-79.734795961584,-23.611621196773996
90951,-3.55,4.24,0.42,-0.020435942513999997,1.015961307966,0.202328164438,119.233796850631,-79.683103061584,-25.493672396774002
90966,-3.62,4.03,0.28,-0.030647732513999996,1.016383637966,0.202334244438,119.72474765063099,-79.84261086158399,-24.407133696774
90981,-3.62,4.24,0.21,-0.030653812513999998,1.016307847966,0.21341942443799997,120.513321950631,-80.144394961584,-23.092660996774
90996,-3.62,4.31,0.42,-0.031070062514,1.026611527966,0.202258454438,119.269283650631,-79.424761261584,-24.858462596774
91011,-3.55,4.17,0.07,-0.031070062514,1.026611527966,0.202258454438,118.940955350631,-79.40777266158399,-25.617032496774005
91026,-3.62,4.1,0.21,-0.031070062514,1.026611527966,0.202258454438,120.889004750631,-79.865908461584,-23.822710596774
91041,-3.48,4.24,0.07,-0.031070062514,1.026611527966,0.202258454438,120.32307795063099,-79.85911366158399,-23.848633396774
91056,-3.55,4.03,0.35,-0.031070062514,1.026611527966,0.202258454438,119.36879785063101,-79.682860161584,-25.593707196774005
91071,-3.48,4.24,0.21,-0.030647732513999996,1.016383637966,0.202334244438,120.142712050631,-79.845765361584,-24.494207096774005
91086,-3.69,4.24,0.28,-0.031070062514,1.026611527966,0.202258454438,120.649707550631,-79.741106561584,-23.092005096774002
91101,-3.62,4.31,0.35,-0.030647732513999996,1.016383637966,0.202334244438,119.39811805063101,-79.960617961584,-25.16376199677401
91116,-3.41,4.24,0.35,-0.031076142514000003,1.0265357379659998,0.21334363443799997,119.097097150631,-79.548350261584,-25.395579196773998
91131,-3.76,4.17,0.07,-0.031070062514,1.026611527966,0.202258454438,120.889004750631,-79.865908461584,-23.822710596774
91146,-3.69,4.1,0.28,-0.031070062514,1.026611527966,0.202258454438,120.339436750631,-80.132988261584,-23.631719196773997
91161,-3.55,4.24,0.56,-0.031070062514,1.026611527966,0.202258454438,119.11484055063102,-79.419179361584,-25.077974296774002
91176,-3.69,4.17,0.21,-0.031070062514,1.026611527966,0.202258454438,120.024069850631,-80.119882861584,-24.177258096774
91191,-3.55,4.17,0.35,-0.031070062514,1.026611527966,0.202258454438,120.47752105063098,-79.864695561584,-23.629121696774
91206,-3.62,4.17,0.28,-0.030647732513999996,1.016383637966,0.202334244438,119.534503650631,-79.557329561584,-25.16310609677401
91221,-3.69,4.1,0.21,-0.030647732513999996,1.016383637966,0.202334244438,118.81551835063098,-79.141907361584,-25.307849896774
91236,-3.48,4.17,0.28,-0.030647732513999996,1.016383637966,0.202334244438,120.91385705063101,-80.81476156158399,-23.596088396773997
91251,-3.83,4.31,0.35,-0.031076142514000003,1.0265357379659998,0.21334363443799997,120.742741050631,-79.99726386158402,-23.933765196774004
91266,-3.48,4.17,0.07,-0.031914722514,1.047067307966,0.202106874438,119.266200350631,-79.69281106158401,-24.961094896774
91281,-3.62,4.1,0.42,-0.031070062514,1.026611527966,0.202258454438,120.30023845063099,-79.583297461584,-24.172063096774
91296,-3.48,4.17,0.35,-0.030647732513999996,1.016383637966,0.202334244438,120.21431385063102,-80.405164161584,-23.421285696774003
91311,-3.62,4.17,0.35,-0.030647732513999996,1.016383637966,0.202334244438,119.24675825063099,-79.686986261584,-25.280641396774
91326,-3.55,4.24,0.21,-0.030647732513999996,1.016383637966,0.202334244438,119.68246605063099,-79.560969861584,-25.050109896774003
91341,-3.69,4.52,0.28,-0.031070062514,1.026611527966,0.202258454438,120.62240015063101,-80.136385661584,-23.618757796774
91356,-3.48,4.31,0.28,-0.030647732513999996,1.016383637966,0.202334244438,119.903728950631,-80.25900466158399,-23.862250696774
91371,-3.69,4.1,0.28,-0.031070062514,1.026611527966,0.202258454438,118.96039745063099,-79.41359746158399,-25.297485996774
91386,-3.69,4.1,0.21,-0.030653812513999998,1.016307847966,0.21341942443799997,119.906812250631,-79.99095486158402,-23.759618396774002
91401,-3.48,4.17,0.28,-0.031070062514,1.026611527966,0.202258454438,120.318295950631,-79.99216776158401,-23.953207296774004
91416,-3.69,4.1,0.21,-0.030647732513999996,1.016383637966,0.202334244438,119.09539845063101,-79.413354561584,-25.397520796773996
91431,-3.69,4.17,0.28,-0.031070062514,1.026611527966,0.202258454438,119.256322250631,-79.42087806158399,-25.071493596774
91446,-3.41,4.1,0.35,-0.031070062514,1.026611527966,0.202258454438,120.493879850631,-80.138570161584,-23.412207496774005
91461,-3.69,4.17,0.42,-0.031070062514,1.026611527966,0.202258454438,119.86453065063101,-79.70931386158401,-24.402594596774
91476,-3.62,4.24,0.14,-0.031088302514,1.026384157966,0.235513994438,118.53934975063099,-79.678492761584,-25.313044896774002
91491,-3.41,4.24,0.35,-0.030647732513999996,1.016383637966,0.202334244438,119.684164750631,-79.695965561584,-25.048168296774
91506,-3.69,3.97,0.35,-0.031070062514,1.026611527966,0.202258454438,119.45814305063101,-80.11308806158401,-24.203180896774
91521,-3.62,3.97,0.35,-0.031070062514,1.026611527966,0.202258454438,119.383457950631,-79.821739061584,-25.378734596774
91536,-3.48,4.17,0.35,-0.031070062514,1.026611527966,0.202258454438,119.55734315063098,-79.83314576158399,-24.839676396774003
91551,-3.69,4.24,0.14,-0.031070062514,1.026611527966,0.202258454438,120.63536155063102,-80.140268861584,-23.405726796774005
91566,-3.62,4.38,0.21,-0.030647732513999996,1.016383637966,0.202334244438,119.872710050631,-79.846251161584,-24.294137496774002
91581,-3.69,4.1,0.28,-0.031070062514,1.026611527966,0.202258454438,118.94913475063099,-79.544709961584,-25.508575396774006
91596,-3.48,4.24,0.0,-0.030647732513999996,1.016383637966,0.202334244438,120.17033355063101,-79.98852746158401,-24.06620349677401
91611,-3.55,4.31,0.0,-0.031070062514,1.026611527966,0.202258454438,120.614220750631,-79.99944836158402,-23.727214896774004
91626,-3.41,4.38,0.21,-0.031070062514,1.026611527966,0.202258454438,119.21404065063099,-79.139237061584,-25.714469796774004
91641,-3.69,4.38,0.35,-0.031076142514000003,1.0265357379659998,0.21334363443799997,119.98657025063099,-79.705187761584,-24.715660396774
91656,-3.69,4.45,0.0,-0.031070062514,1.026611527966,0.202258454438,120.50853995063099,-80.277449061584,-23.197234896774003
91671,-3.69,4.24,0.35,-0.031063982514,1.0266873179659999,0.19117327443799997,120.12666735063101,-80.109931961584,-24.809870396774002
91686,-3.69,4.1,0.14,-0.030647732513999996,1.016383637966,0.202334244438,118.803185150631,-80.21410656158399,-25.718379096774008
91701,-3.69,4.45,0.14,-0.031076142514000003,1.0265357379659998,0.21334363443799997,120.719901550631,-79.72144766158401,-24.257194896774003
91716,-3.69,4.17,0.14,-0.031070062514,1.026611527966,0.202258454438,120.623784750631,-79.733340161584,-23.518067096774004
91731,-3.55,4.17,0.14,-0.030647732513999996,1.016383637966,0.202334244438,118.95561545063099,-79.546651561584,-25.402059896774
91746,-3.48,3.97,0.14,-0.030647732513999996,1.016383637966,0.202334244438,120.13283395063101,-79.573832361584,-24.604605796774006
91761,-3.55,4.31,0.07,-0.031070062514,1.026611527966,0.202258454438,120.91832495063102,-80.143666261584,-23.392765396774003
91776,-3.55,4.17,0.07,-0.031076142514000003,1.0265357379659998,0.21334363443799997,119.70530555063098,-79.836786061584,-24.726680196774
91791,-3.62,4.24,0.28,-0.030647732513999996,1.016383637966,0.202334244438,118.504933450631,-78.99574786158401,-25.748814896774007
91806,-3.48,4.38,0.07,-0.031070062514,1.026611527966,0.202258454438,120.448514950631,-80.124978961584,-24.157815996774
91821,-3.69,4.38,0.14,-0.030647732513999996,1.016383637966,0.202334244438,120.47582235063099,-79.72969986158401,-23.631063296774002
91836,-3.69,4.31,0.14,-0.030647732513999996,1.016383637966,0.202334244438,119.084135750631,-79.544467061584,-25.608610196774006
91851,-3.41,4.24,0.28,-0.030647732513999996,1.016383637966,0.202334244438,120.17203225063102,-80.123523161584,-24.064261896774006
91866,-3.27,4.1,0.21,-0.030647732513999996,1.016383637966,0.202334244438,120.21091645063102,-80.135172761584,-23.425168896774004
91881,-3.41,4.17,0.28,-0.030225402513999997,1.006155747966,0.20241003443799999,119.693728750631,-79.429857361584,-24.839020496774
91896,-3.55,4.1,0.07,-0.031070062514,1.026611527966,0.202258454438,118.66478675063101,-79.94435806158401,-25.62222749677401
91911,-3.55,4.31,0.07,-0.031070062514,1.026611527966,0.202258454438,120.466258350631,-79.99580806158401,-23.840211096774006
91926,-3.48,4.17,0.28,-0.030647732513999996,1.016383637966,0.202334244438,120.638444850631,-79.87221906158399,-23.303094496774005
91941,-3.97,4.31,0.28,-0.031076142514000003,1.0265357379659998,0.21334363443799997,118.965179450631,-79.28054336158401,-25.19291209677401
91956,-3.48,4.1,0.21,-0.031070062514,1.026611527966,0.202258454438,120.30023845063099,-79.583297461584,-24.172063096774
91971,-3.55,4.31,0.21,-0.031070062514,1.026611527966,0.202258454438,120.78640725063099,-79.87585936158399,-23.190098296774
91986,-3.69,4.17,0.42,-0.031070062514,1.026611527966,0.202258454438,119.262802950631,-79.422819661584,-24.964978096774
92001,-3.62,4.17,0.14,-0.030647732513999996,1.016383637966,0.202334244438,119.09231515063101,-79.681404361584,-25.500153096774007
92016,-3.48,4.24,0.07,-0.030647732513999996,1.016383637966,0.202334244438,121.04206325063099,-80.274535861584,-23.703889596774
92031,-3.76,4.31,0.42,-0.030647732513999996,1.016383637966,0.202334244438,120.47752105063098,-79.864695561584,-23.629121696774
92046,-3.48,4.24,0.21,-0.030647732513999996,1.016383637966,0.202334244438,118.970275550631,-79.68553046158401,-25.18708729677401
92061,-3.48,4.31,0.42,-0.031076142514000003,1.0265357379659998,0.21334363443799997,120.614220750631,-79.99944836158402,-23.727214896774004
92076,-3.62,4.31,0.42,-0.031070062514,1.026611527966,0.202258454438,120.04319785063099,-79.58766646158399,-23.758962496774004
92091,-3.48,4.17,0.28,-0.031070062514,1.026611527966,0.202258454438,119.536202350631,-79.692325261584,-25.161164496774006
92106,-3.62,4.17,0.0,-0.030647732513999996,1.016383637966,0.202334244438,118.809351750631,-79.678006961584,-25.51311449677401
92121,-3.48,4.24,0.28,-0.030647732513999996,1.016383637966,0.202334244438,120.77375995063099,-80.410017361584,-23.501878396774003
92136,-3.55,4.17,0.14,-0.031076142514000003,1.0265357379659998,0.21334363443799997,120.31659725063099,-79.857172061584,-23.955148896774002
92151,-3.48,4.03,0.28,-0.030647732513999996,1.016383637966,0.202334244438,118.68561345063101,-79.54713736158399,-25.201990296774007
92166,-3.48,4.24,0.07,-0.031070062514,1.026611527966,0.202258454438,119.97530755063099,-79.836300261584,-24.926749796774004
92181,-3.62,4.38,0.28,-0.031070062514,1.026611527966,0.202258454438,120.038415850631,-79.720720561584,-23.863536396774002
92196,-3.55,4.17,0.21,-0.030647732513999996,1.016383637966,0.202334244438,118.94913475063099,-79.544709961584,-25.508575396774006
92211,-3.48,3.97,0.14,-0.030647732513999996,1.016383637966,0.202334244438,118.95731415063099,-79.681647261584,-25.400118296773996
92226,-3.55,4.17,0.21,-0.031070062514,1.026611527966,0.202258454438,120.92172235063101,-80.413657661584,-23.388882196774002
92241,-3.48,4.31,0.14,-0.031076142514000003,1.0265357379659998,0.21334363443799997,120.454681550631,-79.58887936158399,-23.952551396774005
92256,-3.48,4.17,0.42,-0.031070062514,1.026611527966,0.202258454438,118.96379485063099,-79.683588861584,-25.293602796774003
92271,-3.48,4.31,0.35,-0.031070062514,1.026611527966,0.202258454438,119.85326795063101,-79.840426361584,-24.613683996774004
92286,-3.27,4.1,0.35,-0.030647732513999996,1.016383637966,0.202334244438,120.459777650631,-79.993866461584,-23.946726596774006
92301,-3.48,4.17,0.21,-0.031070062514,1.026611527966,0.202258454438,119.513362850631,-79.416509061584,-25.484594196774005
92316,-3.62,4.1,0.28,-0.041281852514,1.0270338579659999,0.202264534438,119.27236695063098,-79.156711461584,-24.755830296774
92331,-3.62,4.24,-0.07,-0.031070062514,1.026611527966,0.202258454438,120.92480565063101,-80.145607861584,-23.286249896774002
92346,-3.55,4.24,0.21,-0.031070062514,1.026611527966,0.202258454438,120.01419175063099,-79.847949861584,-24.287656796774
92361,-3.62,4.31,0.35,-0.031070062514,1.026611527966,0.202258454438,118.947436050631,-79.409714261584,-25.510516996774005
92376,-3.41,4.1,0.49,-0.030647732513999996,1.016383637966,0.202334244438,120.27123235063098,-79.84358086158399,-24.700757396773998
92391,-3.48,4.31,0.35,-0.031070062514,1.026611527966,0.202258454438,120.77344585063099,-79.87197616158399,-23.403129296774004
92406,-3.62,4.38,0.42,-0.031070062514,1.026611527966,0.202258454438,118.794691650631,-79.539128061584,-25.728087096774008
92421,-3.62,4.31,0.35,-0.031070062514,1.026611527966,0.202258454438,119.411393550631,-80.502542361584,-25.049480096774005
92436,-3.41,4.31,0.35,-0.030647732513999996,1.016383637966,0.202334244438,121.08094745063099,-80.286185461584,-23.064796596774
92451,-3.76,4.24,0.42,-0.030641652513999994,1.016459427966,0.19124906443799997,120.00431365063099,-79.576016861584,-24.398055496774003
92466,-3.55,4.31,0.28,-0.030647732513999996,1.016383637966,0.202334244438,118.508330850631,-79.265739261584,-25.744931696774007
92481,-3.69,4.17,0.07,-0.031070062514,1.026611527966,0.202258454438,119.874408750631,-79.98124686158401,-24.292195896774004
92496,-3.41,4.17,0.49,-0.031070062514,1.026611527966,0.202258454438,120.493879850631,-80.138570161584,-23.412207496774005
92511,-3.55,4.1,0.21,-0.031070062514,1.026611527966,0.202258454438,118.95561545063099,-79.546651561584,-25.402059896774
92526,-3.69,4.17,0.28,-0.030647732513999996,1.016383637966,0.202334244438,119.820864450631,-79.83071836158399,-25.146261496774006
92541,-3.55,4.24,0.07,-0.031082222514000002,1.026459947966,0.22442881443799997,121.059806650631,-80.14536496158401,-23.386284696774005
92556,-3.69,4.17,0.07,-0.030647732513999996,1.016383637966,0.202334244438,119.575086550631,-79.703974861584,-24.522071496774004
92571,-3.48,4.38,0.21,-0.031070062514,1.026611527966,0.202258454438,118.66138935063101,-79.674366661584,-25.626110696774006
92586,-3.69,4.1,0.21,-0.031070062514,1.026611527966,0.202258454438,120.300552550631,-80.121338661584,-24.270812196774
92601,-3.41,4.24,0.14,-0.030647732513999996,1.016383637966,0.202334244438,120.757401150631,-80.136142761584,-23.718792596774
92616,-3.62,4.1,0.28,-0.031076142514000003,1.0265357379659998,0.21334363443799997,119.173480950631,-79.974694961584,-24.218083896774
92631,-3.55,4.1,0.07,-0.030647732513999996,1.016383637966,0.202334244438,119.993050950631,-79.70712936158401,-24.609144896774005
92646,-3.55,4.31,0.42,-0.030647732513999996,1.016383637966,0.202334244438,120.50344385063099,-79.872461961584,-23.203059696774
92661,-3.69,4.1,0.14,-0.030647732513999996,1.016383637966,0.202334244438,119.82872975063101,-79.429614461584,-24.939055296774004
92676,-3.48,4.45,0.14,-0.031070062514,1.026611527966,0.202258454438,118.65012665063101,-79.80547916158399,-25.837200096774
92691,-3.62,4.31,0.07,-0.031070062514,1.026611527966,0.202258454438,120.16693615063102,-79.718536061584,-24.070086696774005
92706,-3.41,4.1,0.35,-0.030647732513999996,1.016383637966,0.202334244438,120.62516935063101,-79.330294661584,-23.417376396774007
92721,-3.48,4.17,0.21,-0.030647732513999996,1.016383637966,0.202334244438,119.15712215063101,-79.70082036158401,-24.434998096774002
92736,-3.69,4.17,0.28,-0.030647732513999996,1.016383637966,0.202334244438,120.449899550631,-79.721933461584,-24.05712529677401
92751,-3.48,4.38,0.35,-0.031070062514,1.026611527966,0.202258454438,120.623784750631,-79.733340161584,-23.518067096774004
92766,-3.69,4.31,0.63,-0.031076142514000003,1.0265357379659998,0.21334363443799997,119.254623550631,-79.285882361584,-25.073435196774003
92781,-3.62,4.17,0.0,-0.031076142514000003,1.0265357379659998,0.21334363443799997,118.80117235063099,-79.541069661584,-25.621571596774007
92796,-3.41,4.1,0.35,-0.031070062514,1.026611527966,0.202258454438,120.619002750631,-79.86639426158399,-23.622640996774
92811,-3.48,4.24,0.0,-0.030647732513999996,1.016383637966,0.202334244438,120.17851295063102,-80.125464761584,-23.957746396774002
92826,-3.83,4.17,0.42,-0.031070062514,1.026611527966,0.202258454438,118.839742450631,-79.01467806158401,-24.883729496774006
92841,-3.55,4.31,0.28,-0.031076142514000003,1.0265357379659998,0.21334363443799997,119.534503650631,-79.557329561584,-25.16310609677401
92856,-3.55,4.24,0.21,-0.031070062514,1.026611527966,0.202258454438,120.20582035063102,-79.730185661584,-23.430993696774003
92871,-3.62,4.38,0.21,-0.030647732513999996,1.016383637966,0.202334244438,119.26141835063099,-79.82586516158399,-25.065668796774002
92886,-3.48,4.24,0.42,-0.031070062514,1.026611527966,0.202258454438,118.68731215063102,-79.682133061584,-25.200048696774004
92901,-3.48,4.17,0.14,-0.031070062514,1.026611527966,0.202258454438,120.207833150631,-80.403222561584,-23.527801196774004
92916,-3.55,4.17,0.35,-0.031070062514,1.026611527966,0.202258454438,120.04659525063099,-79.85765786158399,-23.755079296774003
92931,-3.69,4.24,0.0,-0.031070062514,1.026611527966,0.202258454438,118.830178450631,-79.280786261584,-25.092877296774006
92946,-3.62,4.17,0.35,-0.030641652513999994,1.016459427966,0.19124906443799997,119.532804950631,-79.422333861584,-25.165047696774007
92961,-3.34,4.31,0.35,-0.030647732513999996,1.016383637966,0.202334244438,119.617368150631,-79.98561586158401,-23.879095296774004
92976,-3.55,4.24,0.49,-0.030647732513999996,1.016383637966,0.202334244438,119.232412250631,-80.086148561584,-25.594363096774003
92991,-3.76,4.24,-0.07,-0.031076142514000003,1.0265357379659998,0.21334363443799997,119.103577850631,-79.550291861584,-25.289063696774
93006,-3.48,4.31,0.35,-0.031076142514000003,1.0265357379659998,0.21334363443799997,120.480918450631,-80.13468696158401,-23.625238496774
93021,-3.62,4.1,0.49,-0.031070062514,1.026611527966,0.202258454438,120.310116550631,-79.855230461584,-24.061664396774006
93036,-3.41,4.31,0.49,-0.031070062514,1.026611527966,0.202258454438,119.08073835063101,-79.274475661584,-25.612493396774006
93051,-3.76,4.38,0.14,-0.031070062514,1.026611527966,0.202258454438,119.833825850631,-79.834601561584,-24.933230496774005
93066,-3.83,4.17,0.21,-0.031070062514,1.026611527966,0.202258454438,120.614534850631,-80.537489561584,-23.825963996774004
93081,-3.27,4.17,0.07,-0.030647732513999996,1.016383637966,0.202334244438,119.090616450631,-79.546408661584,-25.502094696774005
93096,-3.48,4.31,0.14,-0.030647732513999996,1.016383637966,0.202334244438,119.271296450631,-80.09779816158401,-24.955270096774
93111,-3.55,4.17,0.56,-0.031070062514,1.026611527966,0.202258454438,120.633976950631,-80.543314361584,-23.506417496774006
93126,-3.83,4.1,0.42,-0.040859522514,1.016805967966,0.20234032443799999,120.002929050631,-79.97906236158401,-24.498746196774007
93141,-3.62,4.03,0.21,-0.030647732513999996,1.016383637966,0.202334244438,118.52468965063099,-79.539613861584,-25.528017496774005
93156,-3.55,4.03,0.35,-0.030647732513999996,1.016383637966,0.202334244438,120.26953365063099,-79.708585161584,-24.702698996773996
93171,-3.41,4.24,0.35,-0.031070062514,1.026611527966,0.202258454438,120.895485450631,-79.867850061584,-23.716195096774
93186,-3.41,4.24,0.28,-0.030647732513999996,1.016383637966,0.202334244438,119.08891775063101,-79.41141296158399,-25.504036296774004
93201,-3.62,4.17,0.14,-0.031070062514,1.026611527966,0.202258454438,119.53790105063099,-79.827320961584,-25.159222896774008
93216,-3.62,4.31,0.42,-0.031070062514,1.026611527966,0.202258454438,120.49048245063099,-79.86857876158399,-23.416090696774006
93231,-3.48,4.24,0.42,-0.031070062514,1.026611527966,0.202258454438,119.84987055063101,-79.570434961584,-24.617567196774004
93246,-3.69,4.31,0.42,-0.030647732513999996,1.016383637966,0.202334244438,118.66478675063101,-79.94435806158401,-25.62222749677401
93261,-3.48,4.31,0.28,-0.031070062514,1.026611527966,0.202258454438,119.998147050631,-80.11211646158401,-24.603320096774006
93276,-3.55,4.17,0.28,-0.031070062514,1.026611527966,0.202258454438,120.61082335063101,-79.729456961584,-23.731098096774005
93291,-3.48,4.24,0.21,-0.031070062514,1.026611527966,0.202258454438,119.104962450631,-79.147246361584,-25.188372996774007
93306,-3.62,4.24,0.21,-0.031070062514,1.026611527966,0.202258454438,120.00123035063099,-79.844066661584,-24.500687796774006
93321,-3.55,4.24,0.28,-0.030647732513999996,1.016383637966,0.202334244438,120.781625250631,-80.00891346158402,-23.294672196774005
93336,-3.41,4.1,0.28,-0.030647732513999996,1.016383637966,0.202334244438,119.417560150631,-79.966442761584,-24.844215496774005
93351,-3.48,4.1,0.35,-0.031070062514,1.026611527966,0.202258454438,118.38150925063101,-79.40291946158399,-25.536439796774005
93366,-3.62,4.17,0.21,-0.031070062514,1.026611527966,0.202258454438,120.461476350631,-80.128862161584,-23.944784996774004
93381,-3.55,4.1,0.28,-0.031070062514,1.026611527966,0.202258454438,120.77344585063099,-79.87197616158399,-23.403129296774004
93396,-3.55,4.03,0.42,-0.030647732513999996,1.016383637966,0.202334244438,119.70530555063098,-79.836786061584,-24.726680196774
93411,-3.48,4.1,0.49,-0.031070062514,1.026611527966,0.202258454438,120.15907085063101,-80.119639961584,-24.277292896774
93426,-3.41,4.17,0.42,-0.031070062514,1.026611527966,0.202258454438,120.48739915063099,-80.136628561584,-23.518722996774006
93441,-3.48,4.38,0.42,-0.020858272514000003,1.0261891979659998,0.202252374438,119.40428465063101,-79.42451836158399,-24.958497396774003
93456,-3.41,4.17,0.07,-0.030647732513999996,1.016383637966,0.202334244438,118.95901285063098,-79.816642961584,-25.398176696773998
93471,-3.55,4.24,0.35,-0.030647732513999996,1.016383637966,0.202334244438,120.585214650631,-80.25973176158399,-24.255909196774002
93486,-3.34,4.31,0.07,-0.031070062514,1.026611527966,0.202258454438,120.47752105063098,-79.864695561584,-23.629121696774
93501,-3.55,4.17,0.35,-0.030647732513999996,1.016383637966,0.202334244438,119.418944750631,-79.563397261584,-24.743524796774
93516,-3.48,4.31,0.14,-0.031070062514,1.026611527966,0.202258454438,119.493629850631,-79.854746261584,-23.567971096774006
93531,-3.62,4.03,0.35,-0.030647732513999996,1.016383637966,0.202334244438,120.620701450631,-80.00138996158401,-23.620699396774
93546,-3.55,4.45,0.35,-0.030647732513999996,1.016383637966,0.202334244438,119.101879150631,-79.415296161584,-25.291005296774
93561,-3.76,4.03,0.14,-0.020858272514000003,1.0261891979659998,0.202252374438,118.666171350631,-79.541312561584,-25.521536796774008
93576,-3.69,4.1,0.0,-0.031070062514,1.026611527966,0.202258454438,120.627182150631,-80.003331561584,-23.514183896774007
93591,-3.41,4.17,0.35,-0.031070062514,1.026611527966,0.202258454438,120.037345350631,-80.661807261584,-24.06297619677401
93606,-3.41,4.24,0.28,-0.031070062514,1.026611527966,0.202258454438,118.827095150631,-79.548836061584,-25.19550959677401
93621,-3.69,4.17,0.35,-0.030647732513999996,1.016383637966,0.202334244438,119.25493765063099,-79.823923561584,-25.17218429677401
93636,-3.55,4.17,0.28,-0.031070062514,1.026611527966,0.202258454438,119.75715115063099,-79.852318861584,-23.874556196774005
93651,-3.62,4.31,0.49,-0.031070062514,1.026611527966,0.202258454438,118.96209615063098,-79.548593161584,-25.295544396774
93666,-3.34,4.31,0.42,-0.031070062514,1.026611527966,0.202258454438,119.39811805063101,-79.960617961584,-25.16376199677401
93681,-3.48,4.24,0.21,-0.030647732513999996,1.016383637966,0.202334244438,120.926504350631,-80.28060356158399,-23.284308296774004
93696,-3.62,4.31,0.28,-0.031070062514,1.026611527966,0.202258454438,120.01727505063099,-79.579900061584,-24.185024496774002
93711,-3.62,4.1,0.49,-0.030647732513999996,1.016383637966,0.202334244438,118.67095335063101,-79.408258461584,-25.416962896774
93726,-3.55,4.24,0.42,-0.030647732513999996,1.016383637966,0.202334244438,119.830428450631,-79.564610161584,-24.937113696774006
93741,-3.62,4.03,0.35,-0.031070062514,1.026611527966,0.202258454438,119.918074950631,-79.859842361584,-23.548528996774007
93756,-3.48,4.1,0.0,-0.030647732513999996,1.016383637966,0.202334244438,118.947436050631,-79.409714261584,-25.510516996774005
93771,-3.55,4.1,0.42,-0.031070062514,1.026611527966,0.202258454438,119.67938275063099,-79.829019661584,-25.15274219677401
93786,-3.48,4.17,0.28,-0.031914722514,1.047067307966,0.202106874438,120.91832495063102,-80.143666261584,-23.392765396774003
93801,-3.55,4.17,0.42,-0.031070062514,1.026611527966,0.202258454438,119.996134250631,-79.439079561584,-24.506512596774005
93816,-3.55,4.31,0.28,-0.031070062514,1.026611527966,0.202258454438,118.248521050631,-80.07619926158401,-25.533212496774006
93831,-3.62,4.17,0.21,-0.030647732513999996,1.016383637966,0.202334244438,120.00431365063099,-79.576016861584,-24.398055496774003
93846,-3.62,4.1,0.21,-0.031076142514000003,1.0265357379659998,0.21334363443799997,120.619002750631,-79.86639426158399,-23.622640996774
93861,-3.62,4.24,0.42,-0.031070062514,1.026611527966,0.202258454438,119.24367495063099,-79.95503606158401,-25.383273696773998
93876,-3.62,4.31,0.21,-0.030647732513999996,1.016383637966,0.202334244438,119.845088550631,-79.70348906158401,-24.722141096773996
93891,-3.55,4.1,0.42,-0.031070062514,1.026611527966,0.202258454438,120.63089365063101,-80.811364161584,-23.609049796774
93906,-3.48,4.24,0.14,-0.030647732513999996,1.016383637966,0.202334244438,119.43190615063101,-79.567280461584,-24.530493796774007
93921,-3.41,4.1,0.35,-0.030647732513999996,1.016383637966,0.202334244438,118.37502855063101,-79.400977861584,-25.642955296774005
93936,-3.41,4.24,0.21,-0.030647732513999996,1.016383637966,0.202334244438,119.879190750631,-79.84819276158399,-24.187621996774002
93951,-3.76,4.17,0.21,-0.031070062514,1.026611527966,0.202258454438,120.77375995063099,-80.410017361584,-23.501878396774003
93966,-3.55,4.24,-0.07,-0.030647732513999996,1.016383637966,0.202334244438,119.210957350631,-79.407286861584,-25.817102096773997
93981,-3.48,4.38,0.35,-0.031070062514,1.026611527966,0.202258454438,120.155673450631,-79.84964856158399,-24.281176096774
93996,-3.55,4.24,0.07,-0.031070062514,1.026611527966,0.202258454438,120.50344385063099,-79.872461961584,-23.203059696774
94011,-3.83,4.24,0.14,-0.031070062514,1.026611527966,0.202258454438,120.121571250631,-79.704944861584,-24.815695196774
94026,-3.41,4.24,0.21,-0.030647732513999996,1.016383637966,0.202334244438,119.087219050631,-79.276417261584,-25.505977896774006
94041,-3.69,4.17,0.42,-0.030647732513999996,1.016383637966,0.202334244438,120.160455450631,-79.71659446158401,-24.176602196774
94056,-3.55,4.24,0.21,-0.030647732513999996,1.016383637966,0.202334244438,120.48431585063099,-80.404678361584,-23.621355296774
94071,-3.2,4.17,0.35,-0.030647732513999996,1.016383637966,0.202334244438,118.833261750631,-79.01273646158401,-24.990244996774006
94086,-3.48,4.31,0.49,-0.030647732513999996,1.016383637966,0.202334244438,120.429072850631,-80.119154161584,-24.477362496774006
94101,-3.55,4.1,0.42,-0.031070062514,1.026611527966,0.202258454438,120.625483450631,-79.86833586158399,-23.516125496774006
94116,-3.41,4.31,0.21,-0.031070062514,1.026611527966,0.202258454438,119.682780150631,-80.09901106158401,-25.14885899677401
94131,-3.69,4.24,0.21,-0.031070062514,1.026611527966,0.202258454438,119.10080865063101,-80.356382861584,-25.490445096774003
94146,-3.62,4.24,0.07,-0.031070062514,1.026611527966,0.202258454438,120.30533455063099,-79.98828456158401,-24.166238296774
94161,-3.69,4.24,0.07,-0.030647732513999996,1.016383637966,0.202334244438,120.625483450631,-79.86833586158399,-23.516125496774006
94176,-3.62,4.17,0.07,-0.031070062514,1.026611527966,0.202258454438,118.844838550631,-79.41966516158399,-24.877904696774003
94191,-3.62,4.31,0.35,-0.030647732513999996,1.016383637966,0.202334244438,120.310116550631,-79.855230461584,-24.061664396774006
94206,-3.62,4.24,0.28,-0.031070062514,1.026611527966,0.202258454438,120.49696315063099,-79.870520361584,-23.309575196774006
94221,-3.69,4.24,0.49,-0.030647732513999996,1.016383637966,0.202334244438,119.11484055063102,-79.419179361584,-25.077974296774002
94236,-3.48,4.24,0.14,-0.031070062514,1.026611527966,0.202258454438,118.80765305063099,-79.543011261584,-25.515056096774007
94251,-3.69,4.17,0.49,-0.031070062514,1.026611527966,0.202258454438,120.60434265063101,-79.727515361584,-23.837613596774005
94266,-3.48,4.1,0.07,-0.030647732513999996,1.016383637966,0.202334244438,120.17341685063101,-79.720477661584,-23.963571196774005
94281,-3.62,4.31,0.21,-0.031076142514000003,1.0265357379659998,0.21334363443799997,119.11314185063101,-79.28418366158401,-25.079915896774004
94296,-3.62,4.24,0.35,-0.031070062514,1.026611527966,0.202258454438,119.97499345063099,-79.298259061584,-24.828000696774005
94311,-3.34,4.38,0.21,-0.030653812513999998,1.016307847966,0.21341942443799997,120.202737050631,-79.99823546158402,-23.533625996774006
94326,-3.55,4.31,0.21,-0.031070062514,1.026611527966,0.202258454438,119.24027755063099,-79.685044661584,-25.387156896773995
94341,-3.55,4.31,0.21,-0.031076142514000003,1.0265357379659998,0.21334363443799997,119.245373650631,-80.090031761584,-25.381332096773995
94356,-3.48,4.24,0.42,-0.030647732513999996,1.016383637966,0.202334244438,120.92820305063101,-80.41559926158399,-23.282366696774
94371,-3.41,4.1,0.28,-0.031076142514000003,1.0265357379659998,0.21334363443799997,120.02067245063098,-79.849891461584,-24.181141296774
94386,-3.48,4.17,0.28,-0.031070062514,1.026611527966,0.202258454438,118.68391475063102,-79.41214166158399,-25.203931896774005
94401,-3.69,4.24,0.35,-0.031070062514,1.026611527966,0.202258454438,119.42265625063101,-80.37142986158399,-24.838390696774002
94416,-3.69,4.31,0.28,-0.031070062514,1.026611527966,0.202258454438,120.04967855063099,-79.589608061584,-23.652446996774
94431,-3.48,4.17,0.28,-0.031070062514,1.026611527966,0.202258454438,118.799473650631,-79.406073961584,-25.623513196774006
94446,-3.48,4.17,0.21,-0.031070062514,1.026611527966,0.202258454438,119.253238950631,-79.688927861584,-25.174125896774008
94461,-3.55,4.17,0.49,-0.030647732513999996,1.016383637966,0.202334244438,120.913542950631,-80.276720361584,-23.497339296774005
94476,-3.55,4.31,0.28,-0.031070062514,1.026611527966,0.202258454438,119.723048950631,-79.707615161584,-24.409075296774
94491,-3.69,4.38,0.35,-0.030647732513999996,1.016383637966,0.202334244438,118.376727250631,-79.535973561584,-25.641013696774007
94506,-3.48,4.17,0.49,-0.031070062514,1.026611527966,0.202258454438,120.009409750631,-79.98100396158401,-24.392230696774003
94521,-3.48,4.24,0.21,-0.030647732513999996,1.016383637966,0.202334244438,120.47921975063099,-79.99969126158402,-23.627180096774
94536,-3.55,4.31,0.21,-0.030647732513999996,1.016383637966,0.202334244438,118.95561545063099,-79.546651561584,-25.402059896774
94551,-3.48,4.31,0.21,-0.031070062514,1.026611527966,0.202258454438,119.81916575063102,-79.695722661584,-25.148203096774004
94566,-3.41,4.24,0.28,-0.030647732513999996,1.016383637966,0.202334244438,120.936382450631,-80.552536561584,-23.173909596774
94581,-3.48,4.24,0.35,-0.031070062514,1.026611527966,0.202258454438,119.72135025063099,-79.572619461584,-24.411016896774
94596,-3.62,4.24,0.42,-0.030647732513999996,1.016383637966,0.202334244438,118.23216225063099,-79.802324661584,-25.750126696774007
94611,-3.48,4.17,0.21,-0.031070062514,1.026611527966,0.202258454438,120.155673450631,-79.84964856158399,-24.281176096774
94626,-3.55,4.1,0.49,-0.031914722514,1.047067307966,0.202106874438,120.77067665063099,-80.67806716158401,-23.604510696774
94641,-3.2,4.17,0.35,-0.030647732513999996,1.016383637966,0.202334244438,118.94573735063099,-79.27471856158401,-25.512458596774007
94656,-3.62,4.17,0.14,-0.031070062514,1.026611527966,0.202258454438,120.26305295063099,-79.706643561584,-24.809214496774004
94671,-3.48,4.17,0.28,-0.031070062514,1.026611527966,0.202258454438,120.76866385063099,-80.00503026158401,-23.507703196774006
94686,-3.69,4.24,0.21,-0.031492392514,1.036839417966,0.20218266443799998,119.85018465063101,-80.10847616158401,-24.716316296773996
94701,-3.55,4.31,0.28,-0.031070062514,1.026611527966,0.202258454438,118.654594550631,-79.134383861584,-25.633877096774007
94716,-3.55,4.03,0.35,-0.030647732513999996,1.016383637966,0.202334244438,120.453296950631,-79.99192486158401,-24.05324209677401
94731,-3.48,4.24,0.21,-0.031070062514,1.026611527966,0.202258454438,120.77036255063099,-80.140025961584,-23.505761596774004
94746,-3.48,4.24,0.28,-0.031070062514,1.026611527966,0.202258454438,119.143846650631,-79.158895961584,-24.549279996774004
94761,-3.34,4.1,0.35,-0.030647732513999996,1.016383637966,0.202334244438,120.145795350631,-79.577715561584,-24.391574796774
94776,-3.55,4.24,0.35,-0.031070062514,1.026611527966,0.202258454438,120.63366285063101,-80.00527316158401,-23.407668396774007
94791,-3.69,4.17,0.14,-0.031070062514,1.026611527966,0.202258454438,119.407367950631,-79.15646856158399,-24.855865096774004
94806,-3.62,4.31,0.28,-0.031070062514,1.026611527966,0.202258454438,118.93957075063099,-79.810818161584,-25.717723196774006
94821,-3.55,4.38,0.21,-0.031070062514,1.026611527966,0.202258454438,120.308417850631,-79.72023476158401,-24.063605996774008
94836,-3.62,4.24,0.28,-0.030647732513999996,1.016383637966,0.202334244438,120.621015550631,-80.539431161584,-23.719448496774003
94851,-3.69,4.24,0.14,-0.031076142514000003,1.0265357379659998,0.21334363443799997,118.99449965063098,-79.558301161584,-24.762966896774
94866,-3.55,4.31,0.21,-0.031070062514,1.026611527966,0.202258454438,120.308417850631,-79.72023476158401,-24.063605996774008
94881,-3.48,4.03,0.21,-0.031070062514,1.026611527966,0.202258454438,120.640457650631,-80.545255961584,-23.399901996774005
94896,-3.41,4.31,0.35,-0.030647732513999996,1.016383637966,0.202334244438,119.24505955063098,-79.55199056158399,-25.282582996774003
94911,-3.69,4.24,0.07,-0.030653812513999998,1.016307847966,0.21341942443799997,118.80966585063099,-80.216048161584,-25.611863596774008
94926,-3.76,4.31,0.35,-0.031070062514,1.026611527966,0.202258454438,120.627182150631,-80.003331561584,-23.514183896774007
94941,-3.48,4.31,0.21,-0.030647732513999996,1.016383637966,0.202334244438,120.466258350631,-79.99580806158401,-23.840211096774006
94956,-3.34,4.03,0.42,-0.030647732513999996,1.016383637966,0.202334244438,118.82199905063099,-79.143848961584,-25.20133439677401
94971,-3.62,4.1,0.28,-0.030647732513999996,1.016383637966,0.202334244438,119.669818750631,-80.095127861584,-25.361889996773996
94986,-3.55,4.38,0.49,-0.030647732513999996,1.016383637966,0.202334244438,120.47752105063098,-79.864695561584,-23.629121696774
95001,-3.62,4.17,0.21,-0.041281852514,1.0270338579659999,0.202264534438,119.396419350631,-79.82562226158399,-25.16570359677401
95016,-3.41,4.17,0.42,-0.031076142514000003,1.0265357379659998,0.21334363443799997,119.396419350631,-79.82562226158399,-25.16570359677401
95031,-3.69,4.1,0.35,-0.031492392514,1.036839417966,0.20218266443799998,120.497277250631,-80.408561561584,-23.408324296774005
95046,-3.62,4.03,0.35,-0.031070062514,1.026611527966,0.202258454438,120.17341685063101,-79.720477661584,-23.963571196774005
95061,-3.55,4.31,0.21,-0.031070062514,1.026611527966,0.202258454438,118.968576850631,-79.550534761584,-25.18902889677401
95076,-3.48,4.38,0.49,-0.031070062514,1.026611527966,0.202258454438,119.53790105063099,-79.827320961584,-25.159222896774008
95091,-3.69,4.17,0.28,-0.031070062514,1.026611527966,0.202258454438,120.321379250631,-79.724117961584,-23.850574996774
95106,-3.62,4.17,0.42,-0.031070062514,1.026611527966,0.202258454438,119.233796850631,-79.683103061584,-25.493672396774002
95121,-3.48,4.24,0.21,-0.031076142514000003,1.0265357379659998,0.21334363443799997,119.539599750631,-79.96231666158401,-25.15728129677401
95136,-3.48,3.97,0.42,-0.031070062514,1.026611527966,0.202258454438,120.495578550631,-80.27356586158399,-23.410265896774007
95151,-3.55,4.24,0.21,-0.031070062514,1.026611527966,0.202258454438,120.16863485063101,-79.853531761584,-24.068145096774007
95166,-3.69,4.24,0.35,-0.031076142514000003,1.0265357379659998,0.21334363443799997,118.51820895063099,-79.53767226158399,-25.634532996774006
95181,-3.55,4.52,0.07,-0.031070062514,1.026611527966,0.202258454438,119.99506375063099,-80.380166261584,-24.705952396774
95196,-3.62,4.31,0.35,-0.031070062514,1.026611527966,0.202258454438,120.72808095063098,-79.858384961584,-24.148737796774
95211,-3.48,4.45,0.28,-0.031070062514,1.026611527966,0.202258454438,119.093699750631,-79.27835886158401,-25.399462396774
95226,-3.69,4.38,0.28,-0.031070062514,1.026611527966,0.202258454438,119.55904185063099,-79.96814146158401,-24.837734796774004
95241,-3.76,4.1,0.28,-0.030647732513999996,1.016383637966,0.202334244438,120.92619025063101,-79.742562361584,-23.185559196774
95256,-3.76,4.24,0.28,-0.031070062514,1.026611527966,0.202258454438,120.02268525063099,-80.52292836158401,-24.277948796774
95271,-3.41,4.31,0.35,-0.031070062514,1.026611527966,0.202258454438,118.81105045063099,-79.813002661584,-25.511172896774006
95286,-3.55,4.1,0.21,-0.031070062514,1.026611527966,0.202258454438,120.41441275063099,-79.98027526158401,-24.692335096774002
95301,-3.69,4.17,0.14,-0.031076142514000003,1.0265357379659998,0.21334363443799997,121.04005045063099,-79.601498961584,-23.607082096774
95316,-3.69,4.17,0.14,-0.031070062514,1.026611527966,0.202258454438,119.22561745063099,-79.54616576158399,-25.602129496774005
95331,-3.55,4.38,0.0,-0.031070062514,1.026611527966,0.202258454438,119.846787250631,-79.838484761584,-24.720199496773997
95346,-3.48,4.1,0.49,-0.030653812513999998,1.016307847966,0.21341942443799997,120.646624250631,-80.00915636158402,-23.194637396774002
95361,-3.76,4.17,0.28,-0.030647732513999996,1.016383637966,0.202334244438,119.87101135063101,-79.711255461584,-24.296079096774
95376,-3.69,4.1,0.28,-0.031070062514,1.026611527966,0.202258454438,118.944352750631,-79.677764061584,-25.613149296774004
95391,-3.48,4.38,0.28,-0.030647732513999996,1.016383637966,0.202334244438,120.44373295063099,-80.25803306158399,-24.262389896774003
95406,-3.27,4.17,0.35,-0.030647732513999996,1.016383637966,0.202334244438,120.625797550631,-80.406377061584,-23.614874596773998
95421,-3.62,4.24,0.42,-0.030647732513999996,1.016383637966,0.202334244438,119.549163750631,-79.696208461584,-24.948133496774005
95436,-3.83,4.17,0.14,-0.030647732513999996,1.016383637966,0.202334244438,119.720279750631,-80.513706161584,-24.61045669677401
95451,-3.48,4.17,0.28,-0.030647732513999996,1.016383637966,0.202334244438,120.50853995063099,-80.277449061584,-23.197234896774003
95466,-3.55,4.03,0.07,-0.031070062514,1.026611527966,0.202258454438,119.970211450631,-79.431313161584,-24.932574596774003
95481,-3.69,4.31,0.21,-0.030647732513999996,1.016383637966,0.202334244438,119.08243705063101,-79.409471361584,-25.610551796774004
95496,-3.48,4.17,0.28,-0.031070062514,1.026611527966,0.202258454438,120.324776650631,-79.99410936158401,-23.846691796774003
95511,-3.62,4.24,0.42,-0.031070062514,1.026611527966,0.202258454438,120.897184150631,-80.00284576158401,-23.714253496774003
95526,-3.55,4.24,0.35,-0.030647732513999996,1.016383637966,0.202334244438,119.282245050631,-79.428644461584,-24.645431596774007
95541,-3.55,4.1,0.42,-0.031070062514,1.026611527966,0.202258454438,120.292373150631,-79.984401361584,-24.379269296774
95556,-3.41,4.45,0.21,-0.031492392514,1.036839417966,0.20218266443799998,120.48909785063098,-80.271624261584,-23.516781396774007
95571,-3.48,4.31,0.28,-0.031070062514,1.026611527966,0.202258454438,119.68894675063099,-79.562911461584,-24.943594396774003
95586,-3.41,4.24,0.42,-0.031063982514,1.0266873179659999,0.19117327443799997,118.81583245063099,-79.679948561584,-25.406598996774
95601,-3.48,4.31,0.35,-0.031070062514,1.026611527966,0.202258454438,120.45021365063099,-80.259974661584,-24.155874396774003
95616,-3.41,4.24,0.0,-0.030647732513999996,1.016383637966,0.202334244438,120.48570045063099,-80.00163286158401,-23.520664596774008
95631,-3.69,4.24,0.28,-0.031070062514,1.026611527966,0.202258454438,118.719401550631,-79.153799861584,-24.568722096774003
95646,-3.55,4.24,0.21,-0.031076142514000003,1.0265357379659998,0.21334363443799997,120.458393050631,-80.396911961584,-24.047417296774007
95661,-3.55,4.17,0.42,-0.031070062514,1.026611527966,0.202258454438,119.91499165063101,-80.127892161584,-23.651161296774
95676,-3.69,4.17,0.28,-0.031070062514,1.026611527966,0.202258454438,119.39981675063102,-80.095613661584,-25.161820396774008
95691,-3.76,4.31,0.42,-0.031070062514,1.026611527966,0.202258454438,119.376663150631,-79.28175626158401,-25.386500996774
95706,-3.55,4.31,0.14,-0.031070062514,1.026611527966,0.202258454438,120.48909785063098,-80.271624261584,-23.516781396774007
95721,-3.62,4.24,0.42,-0.031070062514,1.026611527966,0.202258454438,120.327859950631,-79.72605956158401,-23.744059496774
95736,-3.41,4.38,0.28,-0.030647732513999996,1.016383637966,0.202334244438,118.84962055063099,-79.286611061584,-24.773330796774
95751,-3.55,4.17,0.21,-0.030647732513999996,1.016383637966,0.202334244438,119.567221250631,-80.105078761584,-24.729277696774
95766,-3.69,4.17,0.49,-0.031070062514,1.026611527966,0.202258454438,120.32616125063099,-79.591063861584,-23.746001096774002
95781,-3.55,4.24,0.42,-0.031070062514,1.026611527966,0.202258454438,119.23348275063098,-79.145061861584,-25.394923296773996
95796,-3.62,4.17,-0.21,-0.031070062514,1.026611527966,0.202258454438,119.251540250631,-79.553932161584,-25.17606749677401
95811,-3.69,4.31,-0.07,-0.031070062514,1.026611527966,0.202258454438,120.76558055063099,-80.273080061584,-23.610335496774
95826,-3.41,4.31,0.07,-0.031070062514,1.026611527966,0.202258454438,120.155673450631,-79.84964856158399,-24.281176096774
95841,-3.55,4.1,0.63,-0.031070062514,1.026611527966,0.202258454438,119.09539845063101,-79.413354561584,-25.397520796773996
95856,-3.48,4.17,0.35,-0.030647732513999996,1.016383637966,0.202334244438,120.272616950631,-79.440535361584,-24.600066696774004
95871,-3.55,4.31,0.42,-0.031070062514,1.026611527966,0.202258454438,120.031935150631,-79.71877896158401,-23.970051896774002
95886,-3.55,4.03,0.42,-0.031070062514,1.026611527966,0.202258454438,119.35891975063102,-79.410927161584,-25.704105896774006
95901,-3.62,4.1,0.42,-0.031070062514,1.026611527966,0.202258454438,119.54746505063099,-79.561212761584,-24.950075096774004
95916,-3.69,4.31,0.35,-0.030653812513999998,1.016307847966,0.21341942443799997,120.63536155063102,-80.140268861584,-23.405726796774005
95931,-3.76,4.24,0.49,-0.031070062514,1.026611527966,0.202258454438,120.02916595063098,-80.524869961584,-24.171433296774
95946,-3.55,4.31,0.28,-0.030653812513999998,1.016307847966,0.21341942443799997,118.93957075063099,-79.810818161584,-25.717723196774006
95961,-3.62,4.38,0.21,-0.030647732513999996,1.016383637966,0.202334244438,119.993050950631,-79.70712936158401,-24.609144896774005
95976,-3.48,4.17,0.28,-0.031070062514,1.026611527966,0.202258454438,120.77036255063099,-80.140025961584,-23.505761596774004
95991,-3.48,4.31,0.42,-0.031914722514,1.047067307966,0.202106874438,118.95561545063099,-79.546651561584,-25.402059896774
96006,-3.69,4.17,0.21,-0.031070062514,1.026611527966,0.202258454438,119.26141835063099,-79.82586516158399,-25.065668796774002
96021,-3.76,4.17,0.28,-0.031070062514,1.026611527966,0.202258454438,120.63536155063102,-80.140268861584,-23.405726796774005
96036,-3.55,4.17,0.14,-0.030647732513999996,1.016383637966,0.202334244438,119.72783095063099,-79.57456106158399,-24.304501396774
96051,-3.69,4.1,0.49,-0.031070062514,1.026611527966,0.202258454438,118.51959355063099,-79.134626761584,-25.533842296774004
96066,-3.62,4.24,0.35,-0.031070062514,1.026611527966,0.202258454438,120.30023845063099,-79.583297461584,-24.172063096774
96081,-3.69,4.31,0.49,-0.031070062514,1.026611527966,0.202258454438,120.776843250631,-80.141967561584,-23.399246096774004
96096,-3.62,4.1,0.0,-0.031070062514,1.026611527966,0.202258454438,119.08891775063101,-79.41141296158399,-25.504036296774004
96111,-3.41,4.1,0.49,-0.031070062514,1.026611527966,0.202258454438,119.56212515063099,-79.700091661584,-24.735102496773997
96126,-3.55,4.1,0.28,-0.031076142514000003,1.0265357379659998,0.21334363443799997,120.652034450631,-80.95218466158398,-23.287561696774006
96141,-3.55,4.17,0.28,-0.031070062514,1.026611527966,0.202258454438,119.42573955063101,-80.103380061584,-24.735758396774
96156,-3.48,4.24,0.21,-0.030647732513999996,1.016383637966,0.202334244438,119.07734095063101,-79.00448426158401,-25.616376596774007
96171,-3.48,4.03,0.42,-0.031070062514,1.026611527966,0.202258454438,120.435867650631,-80.65913696158401,-24.46959609677401
96186,-3.62,4.17,0.28,-0.030647732513999996,1.016383637966,0.202334244438,120.624098850631,-80.27138136158399,-23.616816196774
96201,-3.41,4.1,0.35,-0.030647732513999996,1.016383637966,0.202334244438,119.009159750631,-79.697180061584,-24.547994296774007
96216,-3.55,4.17,0.21,-0.031070062514,1.026611527966,0.202258454438,120.433540750631,-79.44805886158399,-24.274039496774
96231,-3.55,4.24,0.35,-0.030647732513999996,1.016383637966,0.202334244438,120.34900075063099,-79.866880061584,-23.422571396774003
96246,-3.55,4.17,0.14,-0.031070062514,1.026611527966,0.202258454438,119.68894675063099,-79.562911461584,-24.943594396774003
96261,-3.62,4.1,0.42,-0.030647732513999996,1.016383637966,0.202334244438,118.510029550631,-79.40073496158399,-25.742990096774005
96276,-3.76,4.24,0.21,-0.030653812513999998,1.016307847966,0.21341942443799997,120.732862950631,-79.725330861584,-24.04416389677401
96291,-3.62,4.31,0.21,-0.031070062514,1.026611527966,0.202258454438,120.50992455063098,-79.87440356158399,-23.096544196774
96306,-3.48,4.1,0.14,-0.031070062514,1.026611527966,0.202258454438,119.297219250631,-80.105564561584,-24.529208096774006
96321,-3.34,4.31,0.42,-0.031070062514,1.026611527966,0.202258454438,120.02067245063098,-79.849891461584,-24.181141296774
96336,-3.62,4.24,0.07,-0.030647732513999996,1.016383637966,0.202334244438,120.47921975063099,-79.99969126158402,-23.627180096774
96351,-3.41,4.03,0.49,-0.031070062514,1.026611527966,0.202258454438,119.52802295063098,-79.555387961584,-25.269621596774
96366,-3.62,4.17,0.42,-0.030647732513999996,1.016383637966,0.202334244438,118.81413375063099,-79.544952861584,-25.408540596774
96381,-3.62,4.24,0.28,-0.031070062514,1.026611527966,0.202258454438,120.75570245063099,-80.001147061584,-23.720734196774004
96396,-3.34,4.45,0.21,-0.031070062514,1.026611527966,0.202258454438,120.33264195063099,-79.593005461584,-23.639485596773998
96411,-3.62,4.45,0.28,-0.031070062514,1.026611527966,0.202258454438,118.980153650631,-79.95746346158401,-25.076688596774005
96426,-3.34,4.38,0.28,-0.030647732513999996,1.016383637966,0.202334244438,119.81746705063101,-79.560726961584,-25.150144696774007
96441,-3.48,4.24,0.28,-0.031070062514,1.026611527966,0.202258454438,120.332956050631,-80.13104666158401,-23.738234696774
96456,-3.69,4.03,0.07,-0.030653812513999998,1.016307847966,0.21341942443799997,119.376977250631,-79.81979746158399,-25.485250096774006
96471,-3.69,3.97,0.28,-0.030653812513999998,1.016307847966,0.21341942443799997,119.387925850631,-79.15064376158399,-25.17541159677401
96486,-3.55,3.97,0.07,-0.031076142514000003,1.0265357379659998,0.21334363443799997,120.63536155063102,-80.140268861584,-23.405726796774005
96501,-3.55,3.9,0.35,-0.031070062514,1.026611527966,0.202258454438,120.308417850631,-79.72023476158401,-24.063605996774008
96516,-3.55,3.97,0.07,-0.031070062514,1.026611527966,0.202258454438,118.975371650631,-80.09051756158401,-25.181262496774007
96531,-3.62,4.1,0.21,-0.030647732513999996,1.016383637966,0.202334244438,119.52493965063098,-79.82343776158399,-25.372253896773998
96546,-3.62,4.38,0.14,-0.031070062514,1.026611527966,0.202258454438,120.02576855063099,-80.254878561584,-24.175316496774002
96561,-3.83,4.38,0.35,-0.031063982514,1.0266873179659999,0.19117327443799997,119.36231715063101,-79.68091856158401,-25.700222696774006
96576,-3.62,4.52,-0.07,-0.031070062514,1.026611527966,0.202258454438,119.53790105063099,-79.827320961584,-25.159222896774008
96591,-3.83,4.66,0.28,-0.031070062514,1.026611527966,0.202258454438,120.785336750631,-80.81694606158399,-23.389538096774004
96606,-3.41,4.59,0.28,-0.031070062514,1.026611527966,0.202258454438,120.307033250631,-80.123280261584,-24.164296696774
96621,-3.62,4.45,0.42,-0.030653812513999998,1.016307847966,0.21341942443799997,118.666171350631,-79.541312561584,-25.521536796774008
96636,-3.41,4.17,0.21,-0.031070062514,1.026611527966,0.202258454438,120.13962875063102,-80.113815161584,-24.596839396774005
96651,-3.76,4.31,0.21,-0.040865602513999996,1.016730177966,0.21342550443799996,120.63536155063102,-80.140268861584,-23.405726796774005
96666,-3.62,4.1,0.28,-0.031076142514000003,1.0265357379659998,0.21334363443799997,119.08891775063101,-79.41141296158399,-25.504036296774004
96681,-3.34,4.17,0.42,-0.031070062514,1.026611527966,0.202258454438,119.418944750631,-79.563397261584,-24.743524796774
96696,-3.41,4.1,0.14,-0.031070062514,1.026611527966,0.202258454438,120.78193935063099,-80.546954661584,-23.393421296774005
96711,-3.27,4.1,0.42,-0.031070062514,1.026611527966,0.202258454438,120.02067245063098,-79.849891461584,-24.181141296774
96726,-3.69,4.17,0.21,-0.031070062514,1.026611527966,0.202258454438,119.36030435063101,-79.00788166158401,-25.60341519677401
96741,-3.48,4.03,0.28,-0.020864352514,1.026113407966,0.21333755443799998,119.732612950631,-79.441506961584,-24.199927496774
96756,-3.48,4.38,0.21,-0.030647732513999996,1.016383637966,0.202334244438,120.76558055063099,-80.273080061584,-23.610335496774
96771,-3.76,4.24,0.35,-0.031070062514,1.026611527966,0.202258454438,119.50858085063099,-79.549563161584,-25.589168096774007
96786,-3.62,4.24,0.28,-0.031070062514,1.026611527966,0.202258454438,119.546080450631,-79.964258261584,-25.050765796774005
96801,-3.69,4.31,0.07,-0.031063982514,1.0266873179659999,0.19117327443799997,120.359192950631,-80.67685426158401,-23.410921796774005
96816,-3.55,4.24,0.35,-0.031070062514,1.026611527966,0.202258454438,119.859748650631,-79.84236796158399,-24.507168496774003
96831,-3.62,4.1,0.14,-0.030647732513999996,1.016383637966,0.202334244438,118.669254650631,-79.27326276158401,-25.418904496774
96846,-3.62,4.1,0.14,-0.031070062514,1.026611527966,0.202258454438,119.989653550631,-79.437137961584,-24.613028096774006
96861,-3.69,4.1,0.28,-0.030647732513999996,1.016383637966,0.202334244438,120.355795550631,-80.406862861584,-23.414804996774002
96876,-3.48,4.24,0.42,-0.030653812513999998,1.016307847966,0.21341942443799997,119.73601035063099,-79.711498361584,-24.196044296773998
96891,-3.55,4.24,0.28,-0.030647732513999996,1.016383637966,0.202334244438,119.285642450631,-79.69863586158401,-24.641548396774006
96906,-3.76,4.31,0.28,-0.030647732513999996,1.016383637966,0.202334244438,120.628880850631,-80.138327261584,-23.512242296774005
96921,-3.69,4.31,0.35,-0.031070062514,1.026611527966,0.202258454438,119.575086550631,-79.703974861584,-24.522071496774004
96936,-3.48,4.17,0.49,-0.030647732513999996,1.016383637966,0.202334244438,118.671267450631,-79.946299661584,-25.51571199677401
96951,-3.34,4.03,0.21,-0.031070062514,1.026611527966,0.202258454438,120.01419175063099,-79.847949861584,-24.287656796774
96966,-3.62,4.17,0.14,-0.031070062514,1.026611527966,0.202258454438,120.75570245063099,-80.001147061584,-23.720734196774004
96981,-3.62,4.24,0.21,-0.031070062514,1.026611527966,0.202258454438,119.575086550631,-79.703974861584,-24.522071496774004
96996,-3.41,4.17,0.14,-0.031914722514,1.047067307966,0.202106874438,120.012493050631,-79.71295416158401,-24.289598396774004
97011,-3.34,4.1,0.28,-0.031070062514,1.026611527966,0.202258454438,120.631964150631,-79.870277461584,-23.409609996774005
97026,-3.55,4.17,0.35,-0.030653812513999998,1.016307847966,0.21341942443799997,119.28086045063098,-79.83168996158399,-24.746122296774
97041,-3.69,4.1,0.21,-0.031070062514,1.026611527966,0.202258454438,118.64842795063102,-79.670483461584,-25.839141696774
97056,-3.55,4.24,0.28,-0.031070062514,1.026611527966,0.202258454438,120.322007450631,-80.800200361584,-24.048073196774006
97071,-3.55,4.17,0.28,-0.031070062514,1.026611527966,0.202258454438,120.75570245063099,-80.001147061584,-23.720734196774004
97086,-3.69,4.17,0.42,-0.031076142514000003,1.0265357379659998,0.21334363443799997,119.275764350631,-79.42670286158399,-24.751947096774
97101,-3.55,4.31,0.07,-0.031070062514,1.026611527966,0.202258454438,119.24197625063098,-79.82004036158399,-25.385215296773996
97116,-3.76,4.31,0.42,-0.031076142514000003,1.0265357379659998,0.21334363443799997,120.783323950631,-80.143909161584,-23.292730596774003
97131,-3.69,4.31,0.14,-0.030647732513999996,1.016383637966,0.202334244438,119.262802950631,-79.422819661584,-24.964978096774
97146,-3.76,4.38,0.35,-0.030647732513999996,1.016383637966,0.202334244438,118.80765305063099,-79.543011261584,-25.515056096774007
97161,-3.48,4.17,0.28,-0.030647732513999996,1.016383637966,0.202334244438,120.45807895063099,-79.85887076158399,-23.948668196774005
97176,-3.62,4.1,0.49,-0.031070062514,1.026611527966,0.202258454438,120.48400175063098,-79.866637161584,-23.522606196774007
97191,-3.55,4.38,0.21,-0.030647732513999996,1.016383637966,0.202334244438,118.992800950631,-79.423305461584,-24.764908496773998
97206,-3.41,4.17,0.49,-0.031070062514,1.026611527966,0.202258454438,119.24505955063098,-79.55199056158399,-25.282582996774003
97221,-3.9,4.24,0.14,-0.031070062514,1.026611527966,0.202258454438,120.498661850631,-80.00551606158402,-23.307633596774007
97236,-3.69,4.17,0.21,-0.031070062514,1.026611527966,0.202258454438,118.96379485063099,-79.683588861584,-25.293602796774003
97251,-3.76,4.45,0.14,-0.031070062514,1.026611527966,0.202258454438,118.519907650631,-79.672667961584,-25.632591396774004
97266,-3.62,4.38,0.42,-0.031076142514000003,1.0265357379659998,0.21334363443799997,120.889004750631,-79.865908461584,-23.822710596774
97281,-3.55,4.1,0.14,-0.031070062514,1.026611527966,0.202258454438,120.48570045063099,-80.00163286158401,-23.520664596774008
97296,-3.62,4.45,0.28,-0.030647732513999996,1.016383637966,0.202334244438,118.968576850631,-79.550534761584,-25.18902889677401
97311,-3.55,4.1,0.35,-0.031070062514,1.026611527966,0.202258454438,119.66950465063098,-79.557086661584,-25.263140896774004
97326,-3.55,4.03,0.42,-0.030647732513999996,1.016383637966,0.202334244438,120.51162325063099,-80.00939926158401,-23.094602596774003
97341,-3.2,4.24,0.21,-0.031070062514,1.026611527966,0.202258454438,119.102193250631,-79.95333736158402,-25.389754396774
97356,-3.55,4.38,0.49,-0.031070062514,1.026611527966,0.202258454438,118.95423085063099,-79.94969706158402,-25.502750596774007
