10431,-3.55,4.17,-0.49,0.17481857748600002,0.9767986279659998,0.26895109443799997,87.147109650631,-65.181844561584,-47.01642599677401
10446,-3.55,4.24,-0.14,0.154394997486,0.9776432879659999,0.268963254438,87.428688450631,-65.588287461584,-47.104155296774
10461,-3.62,3.69,1.04,0.154388917486,0.9775674979659998,0.280048434438,87.54902935063099,-65.449165661584,-47.419162696773995
10476,-3.2,4.87,-1.67,0.154388917486,0.9775674979659998,0.280048434438,87.123199650631,-65.84711506158399,-47.53929549677402
10491,-3.62,3.76,2.23,0.153972667486,0.9878711779659999,0.268887464438,87.120872750631,-64.63603696158401,-47.343738896774
10506,1.6,34.92,-97.11,0.382885747486,0.8766799679659999,0.21408570443799996,87.134462350631,-65.716002561584,-47.328206096774
10521,-0.63,16.83,-42.37,0.13011572748600003,1.069856847966,0.3680599244379999,88.820351850631,-64.791417061584,-47.264028896774
10536,-3.55,7.93,33.95,0.3373078374860001,0.9898150179659999,0.3684688544379999,88.987756350631,-64.800882161584,-46.831486196774
10551,-8.7,3.9,46.4,0.20709462748600005,0.934013757966,0.35791745443800005,89.253290450631,-65.471491661584,-47.234878796774005
10566,1.81,16.77,38.05,0.22591400748600002,0.9751417179659999,0.20240961443799999,89.118289450631,-65.471734561584,-47.134843996774
10581,-7.03,-3.48,37.43,-0.040014862514,0.9963501879659998,0.202491904438,88.406098950631,-65.596295161584,-47.271821396774
10596,-2.23,10.64,-10.43,0.228001337486,0.923699107966,0.24712928443799992,87.822114650631,-65.180630061584,-47.51659999677401
10611,-3.27,-2.64,-25.67,0.14417712748600003,0.9779898279659999,0.28005451443799995,88.261533950631,-65.862646261584,-47.380934396773995
10626,5.43,71.23,-27.48,0.7402679974859999,0.861519467966,0.26929880443800003,88.832242750631,-65.736386961584,-47.250437696774
10641,-6.75,57.67,5.77,0.29564033748600005,1.012263277966,0.32400087443799996,89.661690850631,-65.74075436158401,-47.531099996774
10656,0.21,34.16,-36.24,0.08411257748600001,0.9490822379659999,0.39117016443799996,89.40496435063102,-66.283164561584,-47.216748496774
10671,-11.55,7.58,217.04,-0.238207452514,1.107335467966,0.10208290443800001,89.83821705063099,-67.50128036158401,-47.28634749677399
10686,0.9,27.41,-55.03,-0.176240882514,0.838389197966,0.237045204438,87.573125250631,-67.87714666158399,-47.49072939677401
10701,-5.29,0.14,36.52,0.35013872748600006,0.929086407966,0.21372499443799997,88.574759850631,-67.757925061584,-47.234275096774006
10716,0.97,11.9,75.2,0.17566323748600005,0.9563428479659999,0.26910267443799996,88.29487975063101,-67.486477861584,-47.144604196774
10731,-15.58,0.0,48.14,0.29738437748600005,0.9720338279659999,0.22453741443799996,86.756638550631,-67.87666246158399,-46.99703609677401
10746,-20.38,15.58,72.14,0.34377945748600003,1.082201597966,0.25692886443799995,84.867229550631,-67.97404226158399,-47.931467596774
10761,-25.46,16.9,33.32,0.273925447486,1.0434884479659998,0.3681263844379999,84.45064975063102,-67.567842261584,-47.743703496774
10776,-39.51,22.47,18.02,0.23948302748600003,1.136730657966,0.37854769443799996,83.127167550631,-67.672016861584,-48.652212196774
10791,-55.17,19.83,9.95,0.290554137486,1.134770587966,0.35634693443800003,82.075386050631,-67.91070136158399,-49.758848896774
10806,-71.03,22.33,13.08,0.271415787486,1.105158947966,0.323330924438,81.59878125063099,-67.35203126158402,-50.531665896774
10821,-79.93,31.58,33.04,0.343724737486,1.081519487966,0.356695484438,81.655699750631,-66.790447961584,-51.811137596774
10836,-60.73,34.43,-0.21,0.24837019748600003,0.922172337966,0.34688374443799996,79.72369505063101,-66.068145561584,-53.289796196774006
10851,-52.03,40.77,-9.88,0.25520942748600006,1.003648917966,0.335186164438,79.053762950631,-65.49224396158401,-54.921217896774
10866,-57.95,53.15,-2.3,0.305852127486,1.011840947966,0.32399479443799994,78.997135350631,-65.609765261584,-55.87791579677401
10881,-56.42,46.4,-12.52,0.215604937486,0.9743514079659998,0.37977857443799995,79.34010055063099,-64.78352956158402,-57.04179379677401
10896,-59.83,48.97,-9.39,0.25686226748600005,0.962282617966,0.40200040443799995,77.97676865063099,-62.279827761584016,-60.430568696774024
10911,-59.2,48.35,-6.54,0.24831547748600002,0.921490227966,0.44665036443799994,78.324829950631,-61.858579161584,-61.58862189677401
10926,-59.06,48.28,-13.7,0.22959337748600003,0.8815749079659999,0.424795324438,78.262792150631,-61.033072161584,-62.452395496773995
10941,-58.85,51.9,-12.73,0.20834337748600004,0.903102717966,0.39140036443799997,77.88199005063099,-59.924468361584005,-63.86559119677401
10956,-56.49,49.11,-15.93,0.19813158748600004,0.903525047966,0.39140644443799993,77.90587685063099,-58.277094661584,-65.48014219677398
10971,-43.55,3.27,-4.87,0.01634589748600001,0.8589264779659999,0.5470873544379999,78.572388350631,-57.600901661584,-65.99002419677399
10986,-37.08,-28.52,-17.81,0.067374447486,0.8564358779659998,0.602482854438,78.64843485063099,-56.507101961584006,-66.85120029677401
11001,-61.91,-31.86,5.43,0.17380367748600004,0.995132287966,0.5791845544379999,75.97057975063099,-53.74748736158401,-68.60441739677401
11016,-49.74,-70.47,-29.7,0.04613660748599999,0.8781152679659999,0.546917534438,75.189556650631,-52.506558161584,-69.612934796774
11031,-48.83,-67.41,-15.79,0.272075137486,0.8382919179659999,0.524840784438,73.595444250631,-51.535136161584,-70.12387569677402
11046,-43.06,-45.43,-32.97,0.353334967486,0.8449895879659999,0.546886714438,71.413636050631,-49.340016461584,-70.784729296774
11061,-75.62,16.07,-11.34,0.423146417486,0.8831722079659999,0.5132854544379999,70.81776085063099,-47.979381461584005,-71.04309909677401
11076,-134.12,47.37,0.56,0.006972687486000002,0.8388172379659999,0.5583301944379999,70.86448715063099,-46.607823961584,-72.334220396774
11091,-142.05,29.43,26.09,0.17844930748600005,0.882625497966,0.5800182444379999,70.507280950631,-44.295908461584,-73.125797496774
11106,-106.43,38.54,-0.42,0.09459786748600002,0.6924755079659999,0.526087074438,69.53337285063101,-41.020578661584004,-74.595981596774
11121,-88.28,38.26,-8.0,0.15330422748600003,0.750929917966,0.581021754438,69.817825850631,-37.08361706158401,-76.124062896774
11136,-108.38,35.69,-1.95,0.086886487486,0.8752133079659999,0.724256094438,70.157079550631,-35.449348761584,-77.193074996774
11151,-86.12,54.4,4.8,0.26090025748600004,0.613592467966,0.604116584438,69.831962750631,-32.609100061584,-77.353325496774
11166,-82.92,43.83,2.43,0.15662814748600004,0.668424687966,0.681394694438,71.645744350631,-30.606247661584003,-77.29820039677399
11181,-81.81,52.45,7.58,0.24767135748600008,0.6848521279659999,0.7144439344379999,72.024196350631,-29.521670161584005,-77.826868596774
11196,-94.33,38.75,7.37,0.11193137748600003,0.761558697966,0.769418344438,72.97782505063101,-27.63973806158401,-78.021717096774
11211,-105.18,51.13,4.1,0.18593572748600004,0.697083467966,0.792000884438,73.482470450631,-25.341897961584003,-78.56137899677401
11226,-116.24,72.7,25.88,0.26508998748600004,0.7549963779659999,0.8025826844380001,75.14118075063101,-22.257381261584,-78.528267396774
11241,-111.51,65.32,21.08,0.12591373748600002,0.668706407966,0.8255202744379999,75.91891145063099,-19.691005561584003,-79.16536659677402
11256,-105.11,65.67,18.3,0.168003567486,0.636030257966,0.870064044438,77.02528455063099,-17.679659661584004,-79.14264499677402
11271,-99.97,51.13,13.84,0.10544151748600003,0.668944747966,0.9142138744380001,78.302459550631,-15.947770261584001,-78.683497496774
11286,-99.48,46.12,4.24,0.066277597486,0.6296467179659999,0.925626534438,79.716334250631,-14.350633661584002,-78.32244319677402
11301,-97.25,51.55,-4.1,0.148816577486,0.6058122979659999,0.925729474438,80.24551785063099,-12.463605461584,-78.53673379677403
11316,-108.1,62.68,12.8,0.14755566748600002,0.636571757966,0.914416924438,81.247594750631,-10.327214761584003,-77.883341496774
11331,-110.05,65.32,8.56,0.16197251748600006,0.533643157966,0.948424284438,81.804399850631,-8.582948661584002,-77.669628496774
11346,-104.7,67.48,54.33,0.23627759748600002,0.45742423796599996,1.192786214438,84.379890650631,-5.259990361584001,-76.42984539677401
11361,-115.76,56.21,7.44,0.06833452748600001,0.577825157966,1.025772104438,85.10548485063099,-3.122143861583999,-75.682898996774
11376,-115.41,54.61,-0.35,0.021902967486000006,0.467202647966,1.059891734438,86.665937350631,-1.9316930615840011,-75.309539196774
11391,-120.21,63.86,14.54,0.176787377486,0.420183507966,1.026848154438,87.40650575063098,-0.4707666615840015,-74.44636929677401
11406,-126.26,67.83,15.03,0.03214515748600001,0.46715926796599994,1.0044597544379998,88.976208150631,1.5238335384159987,-73.765112596774
11421,-128.21,56.07,10.09,-0.006559952513999998,0.41808808796599994,0.949437124438,90.287485350631,3.1110192384160005,-72.771445996774
11436,-122.02,39.03,-3.27,-0.055953902513999995,0.378985017966,0.994111404438,91.47024225063099,4.696020438415999,-71.571229096774
11451,-115.62,32.7,-17.67,-0.0036401225139999997,0.346038117966,1.016478734438,93.24145135063101,6.536451838416,-69.922910596774
11466,-112.49,38.96,-21.36,0.007416327486000001,0.325160007966,1.0166242344379999,94.278258650631,7.452056438415998,-68.932497396774
11481,-110.82,55.58,-13.08,0.04013902748600001,0.27245040796599995,1.061325664438,94.86501215063099,7.842482338416,-68.48633739677402
11496,-122.02,57.18,-2.57,0.009497577486000002,0.27364160796599996,1.072429084438,95.62703545063098,8.624547038416,-67.40042849677401
11511,-132.73,64.49,10.57,0.012019397486,0.212122687966,1.0950541844379997,96.530540450631,9.404913038416,-66.30803889677401
11526,-133.7,80.35,14.68,0.023112327486,0.19169931796599998,1.028688604438,97.58370655063099,10.046643038415999,-65.10071149677401
11541,-131.34,75.27,23.17,0.007334377486,0.080037187966,1.029534454438,98.99651075063099,10.702692938415998,-64.93909699677398
11556,-131.34,76.94,9.95,-0.033953352514,0.09172702796599999,1.062738524438,99.962809950631,12.136679838415999,-62.684744896774006
11571,-123.97,76.94,9.67,-0.050533402514,0.0010512079659999998,0.985836534438,102.549749350631,12.497499138416,-61.82830859677401
11586,-110.54,75.41,10.23,-0.080299792514,-0.017834422034,0.941665634438,103.576992650631,13.146995538416,-61.047043196774005
11601,-100.94,75.9,5.7,-0.17394386251399999,0.026271787965999997,1.0300986344379999,104.45488895063099,13.397086738415998,-60.479464696774
11616,-99.41,80.28,-1.18,-0.16290565251400002,0.005166307965999999,1.063499674438,105.61404995063101,13.778776238415999,-59.900866396774
11631,-94.26,71.58,2.64,-0.16847181251399998,-0.106918152034,1.0643394444379999,106.93891675063101,14.285996338416,-58.891666996774006
11646,-93.63,66.23,10.92,-0.17993843251400002,-0.075660572034,1.041947794438,107.255668250631,14.675936438415999,-58.245437396774
11661,-84.8,51.2,10.09,-0.238620472514,-0.133811822034,0.942672394438,108.112423750631,15.066848138415999,-57.999346996774015
11676,-73.11,50.16,7.65,-0.24841601251400003,-0.143693172034,0.953839444438,109.313552250631,15.704937838415999,-56.679023396774014
11691,-63.65,57.53,9.18,-0.24678749251400006,-0.185362632034,1.0649944044380002,110.61929105063099,15.679941538416,-56.08811959677401
11706,-58.02,53.84,1.32,-0.29870326251400003,-0.16294678203399998,1.0870435844380002,111.196166450631,16.342300438416,-55.75235829677402
11721,-65.25,31.37,-10.5,-0.35096840251399997,-0.129393562034,0.9759948144379998,111.48869385063101,16.605011238416,-55.53024909677401
11736,-66.3,18.5,-16.63,-0.306736522514,-0.212830212034,0.9654916344379999,111.80884275063099,16.724959938416,-54.880136296774
11751,-61.63,9.88,-3.55,-0.25523092251400004,-0.22486659203399997,0.921196304438,111.998772650631,16.977719838416,-54.025414796774
11766,-44.87,18.16,-15.93,-0.263312822514,-0.275356342034,0.8883257944380001,112.972785750631,17.239703538416,-54.19696409677401
11781,-31.93,12.87,-21.98,-0.396524902514,-0.260092902034,0.954840124438,112.552808550631,17.915894938416,-54.013083196774
11796,-18.64,12.45,-21.22,-0.311837792514,-0.334612032034,0.8888109344380001,112.98681765063101,18.176907038416,-53.784493296773995
11811,-1.88,9.32,-20.59,-0.28036384251400004,-0.35641059203400005,0.900029454438,112.554193150631,18.318940438416,-53.912392496774004
11826,2.92,1.53,-19.27,-0.289369442514,-0.38742983203399994,1.011114704438,112.550795750631,18.588931838416,-53.91627569677401
11841,0.21,-5.98,-18.02,-0.29151149251400005,-0.336669332034,1.0661616544380002,112.126350650631,18.594027938415998,-53.935717796774014
11856,-9.39,-5.98,-12.87,-0.32509709251400004,-0.26373132203399996,1.054564184438,112.409314050631,18.590630538415997,-53.92275639677401
11871,-10.43,-10.16,-17.53,-0.302543622514,-0.31548806203400004,1.021675434438,112.134530050631,18.457090638416,-53.827260696774
11886,-7.3,-8.83,-17.53,-0.250193362514,-0.34798022203400003,0.9775316844379999,112.266133650631,18.727324938416004,-53.931178696774005
11901,3.41,-1.81,-12.87,-0.187227222514,-0.39134997203399996,0.9667131844379999,111.54746245063102,18.604705938415997,-54.17467159677401
11916,16.7,0.56,-11.55,-0.185543982514,-0.432337322034,0.9781015244379999,111.254620950631,18.880036338415998,-54.29803169677401
11931,34.85,8.63,-15.65,-0.175748442514,-0.42245597203400004,0.9669344744379998,111.105273950631,18.480631138416,-54.51171859677401
11946,53.22,23.3,-15.37,-0.12513614251400001,-0.414642892034,1.011169004438,111.52323835063102,18.477476638416,-54.598791996774004
11961,72.77,36.87,-24.21,-0.18810228251400002,-0.37127314203399997,1.021987504438,111.23071095063099,18.214765838416003,-54.820901196774
11976,119.72,59.9,-23.93,-0.05144468251400002,-0.46752601203399996,0.8341425144379998,111.396730850631,17.802255238416,-54.489049196774005
11991,154.71,56.35,-50.5,-0.251411712514,-0.316690232034,0.888622874438,111.525565250631,17.266398538416,-54.794348596774
12006,228.66,109.08,-39.93,0.125631667486,-0.5553161020340001,0.657282594438,112.544500950631,15.497621938416,-54.617227396774005
12021,290.99,170.57,-46.96,0.061778307485999995,-0.492021102034,0.745545774438,113.241274950631,14.281933538416,-54.99341149677401
12036,219.9,176.21,-33.6,-0.39826312251400003,0.268411647966,1.3166978244379999,114.69654665063099,11.563090938416,-54.783256996774014
12051,199.65,141.98,-67.2,-0.5658658125140001,0.133461857966,1.1626697244379998,116.16723485063099,10.184497338416,-54.059940996774
12066,221.15,147.13,-93.5,-0.38742519251400004,0.016200737966,0.8086742944380001,117.756251150631,9.618062438415999,-53.55482489677401
12081,216.77,175.58,-61.08,-0.248273262514,0.10218754796599999,0.8300774244379998,118.66409585063099,8.514313438416,-52.754799396774004
12096,229.01,241.6,6.12,-0.021459672514,0.042287367965999995,0.752726354438,119.84162845063099,7.949091438416001,-52.056094396774014
12111,218.09,258.3,33.6,-0.467415122514,0.222956947966,0.918052854438,121.486201850631,6.559091138416,-50.793720196774004
12126,144.7,209.74,49.81,-0.8171227325140001,0.543124217966,1.0046612344379997,126.187396450631,2.956012538416,-48.405546196774004
12141,101.43,154.23,36.73,-0.992694972514,0.603186447966,0.7494265044380001,128.280639050631,1.6881454384159997,-46.699609496774
12156,61.91,193.39,73.25,-0.5769070925140002,0.658224047966,0.637794894438,130.045239250631,0.9753081384159994,-45.653493596774005
12171,59.9,125.15,-44.1,-0.46502696251400005,0.4193655979659999,0.550795824438,131.114007750631,-0.1359643615840016,-44.527440896774
12186,81.81,184.56,47.37,-0.5403863325140001,0.269325887966,0.5519813144379999,132.57928575063102,-0.571529661584,-43.711200596774006
12201,63.79,179.34,62.61,-0.9573227725140002,0.490549517966,0.5839642544379999,133.84786225063098,-1.7019752615840011,-41.620027696774
12216,45.01,150.89,55.72,-0.989231212514,0.522424387966,0.594840304438,134.648327450631,-2.9487292615840017,-40.29196379677401
12231,28.17,131.48,58.23,-1.0546948525139999,0.627616217966,0.538692984438,137.35009255063102,-5.043073361583999,-38.01587719677401
12246,17.18,112.21,56.7,-1.044856752514,0.6380280979659999,0.4499296744379999,137.447931250631,-6.148279761584001,-36.615642896774
12261,15.1,97.04,42.02,-0.992494332514,0.605687517966,0.38361556443799993,138.49386025063103,-6.983736061584002,-35.813019896774
12276,18.16,96.35,35.41,-0.9401623125140001,0.572967987966,0.3727273544379999,139.10238275063102,-7.810213061583999,-35.242869996774004
12291,21.84,105.32,43.48,-0.8159436725140001,0.526836887966,0.395127914438,139.62774985063098,-8.652465761584002,-33.720561296774015
12306,14.19,95.86,44.87,-0.9197448125140001,0.5720475379659999,0.3838003744379999,140.806981150631,-9.352683461584002,-33.01991469677401
12321,14.19,83.97,39.93,-0.972444442514,0.615677067966,0.29484617443800004,140.45923395063102,-10.311973261584,-31.960610596774004
12336,15.93,80.83,29.63,-0.9103412025140002,0.5925357279660001,0.31713163443799997,140.984601050631,-11.154225961584004,-30.438301896774004
12351,23.23,85.15,30.61,-0.7856880725140001,0.5363283179659999,0.31743762443799994,141.58664285063102,-11.978761361584,-29.974667496774003
12366,23.72,83.83,32.28,-0.7963039525140002,0.547205907966,0.28411237443799997,141.796643050631,-12.807908661584001,-28.997897696774
12381,18.3,72.7,28.45,-0.889042562514,0.571614237966,0.26184515443799994,141.579114850631,-13.900009661584003,-28.143202296774003
12396,4.1,62.47,19.34,-0.8805444125140001,0.6118003079659999,0.30587663443800006,142.323708850631,-13.785157061584002,-27.473647396774
12411,14.33,53.77,16.77,-0.8677439225140001,0.550692747966,0.206558674438,142.054020950631,-14.323684061584004,-27.372326896774002
12426,3.69,53.91,24.77,-0.7873105125140001,0.578073567966,0.19519748443799997,142.003897250631,-15.425250161584,-26.08508879677401
12441,6.33,56.0,24.14,-0.798354802514,0.599103257966,0.17288162443799998,142.158654450631,-15.968873261584003,-25.96432619677401
12456,7.17,50.64,20.94,-0.8809424225140001,0.6223313579659999,0.261460124438,142.34751385063103,-16.657200061584003,-25.309044496774007
12471,-2.85,45.98,24.7,-0.9438964025140001,0.665852687966,0.25010826443799994,141.960882450631,-17.604840261584002,-24.888833396774004
12486,-7.44,31.51,17.46,-0.9540595525140001,0.6668813379659999,0.161432904438,142.419743850631,-18.292681261584,-24.433621296774007
12501,-8.42,21.29,14.68,-0.943401112514,0.656534277966,0.11716189443799999,143.12746645063098,-18.839215961584,-24.499966896773998
12516,-5.36,9.74,6.82,-0.9114926725140001,0.624659407966,0.10628584443800002,142.44767945063103,-18.973484561584,-24.104366796774002
12531,-2.64,5.98,1.95,-0.9123494925140001,0.6449636079659999,0.12830462443799998,142.57141775063099,-19.104354161584006,-24.415490996774004
12546,-3.06,7.44,-0.49,-0.9030188425140001,0.6645423179659999,0.19465804443799997,142.470518950631,-19.249300761584003,-23.780937096774004
12561,-4.31,6.82,0.0,-0.902584352514,0.654466007966,0.172563474438,142.859477250631,-19.512738661584002,-24.396704796774006
12576,-7.3,-0.97,-5.84,-0.9642956625140002,0.667000507966,0.205779704438,142.70843155063102,-19.777148161584,-24.612333296774
12591,-13.43,-12.52,-14.33,-1.005540832514,0.679220877966,0.16138751443799998,142.880618050631,-19.653559161584003,-24.075216696774003
12606,-14.19,-25.67,-24.07,-0.9536797825140001,0.6561229179659999,0.239104954438,142.407096550631,-18.826839261584,-24.745401396774003
12621,-9.32,-29.36,-24.49,-0.9324054625140001,0.6348982679659999,0.22815919443799998,142.815182850631,-18.558060761584002,-24.94287349677401
12636,-10.37,-23.3,-15.93,-0.870712392514,0.622136397966,0.22819850443799997,142.803920150631,-18.689173261584003,-25.153962896773997
12651,-14.61,-26.43,-10.16,-0.8915522225140001,0.6332847379659998,0.21704969443799998,142.777683250631,-18.143365661584,-25.481275796774007
12666,-22.82,-50.37,-15.65,-1.097483422514,0.682567107966,0.22795331443799996,142.90419075063096,-17.468144261584,-25.591018596774
12681,-38.19,-92.38,-31.79,-1.201284562514,0.727777757966,0.21662577443799996,142.523702750631,-16.897581661584002,-27.102963396774005
12696,-52.52,-123.48,-47.1,-1.1821158125139999,0.7577683479659999,0.19421588443799995,142.20122695063102,-15.806452261584,-27.557519596774007
12711,-69.98,-160.07,-69.15,-1.2221183125139998,0.7390018879659999,0.19439178443799998,142.234991850631,-14.431011561584,-29.061671896774005
12726,-72.35,-170.5,-76.03,-1.0043164025140001,0.6480066779659999,0.23921114443799998,141.424648550631,-12.912324561584004,-30.500134496774
12741,-82.09,-180.31,-69.43,-0.9430699825140001,0.6451695379659999,0.283515384438,141.28282955063096,-11.390481461584,-32.54528659677401
12756,-80.9,-190.75,-64.77,-0.9184352625140001,0.5418943979659999,0.306431484438,140.597295050631,-9.061577361584003,-34.09543359677401
12771,-87.3,-223.44,-68.73,-0.9903522825140001,0.554927017966,0.32856861443799995,139.224108250631,-7.268045761584001,-35.457186696774
12786,-94.68,-245.91,-57.25,-0.8554995225140001,0.49814569796599995,0.35103888443799997,136.53974925063096,-3.524386361584002,-39.45433979677401
12801,-129.81,-244.66,-25.95,-0.8674310325140001,0.5391006379659999,0.40616770443799993,134.555270750631,-1.7104687615840009,-41.587624196774
12816,-122.64,-235.2,-14.33,-0.7858643925140001,0.534130407966,0.638907844438,132.574503750631,-0.704583761584002,-43.815774496774004
12831,-121.6,-228.45,-25.25,-0.8138563425140001,0.475394277966,0.43984758443799993,130.73490435063098,0.8376437384160001,-45.93869499677401
12846,-120.77,-216.7,-35.41,-0.5556660825140001,0.392482897966,0.5510779144379999,128.651225750631,2.3716190384159996,-47.435483896774
12861,-128.07,-232.63,-35.06,-0.6460044725140002,0.353856507966,0.773139394438,126.674926650631,4.048599338415999,-49.460311196774
12876,-143.23,-260.17,-23.17,-0.5298312525140001,0.257690397966,0.696158364438,123.894031750631,4.7810939384159985,-50.977853996773995
12891,-152.9,-273.46,-5.5,-0.291605762514,0.16585052796600003,0.740965564438,121.257701850631,5.779939638416,-52.386283796774
12906,-146.09,-250.43,-1.6,-0.18788366251400002,0.119654607966,0.8964004444379999,115.362173550631,8.204945738416,-56.087014996774
12921,-132.87,-219.83,-19.34,-0.07436602251400001,0.083340037966,1.040668274438,112.027999150631,9.478393138416001,-57.318700496774014
12936,-106.57,-154.37,-25.32,-0.032239712514,0.051118627966,1.018700964438,109.991698250631,10.325740338416,-58.16668839677401
12951,-77.08,-119.03,-21.91,-0.026706862514,-0.081313412034,0.942089974438,107.807434950631,11.176727838416,-59.127672496774
12966,-51.41,-108.03,-28.03,-0.034372512514,-0.14210684203399998,0.920380434438,106.63946635063098,12.008058038415998,-59.61722969677401
12981,-41.32,-95.23,-10.43,0.086835097486,-0.11732482203399999,1.042017084438,104.92532715063102,12.302317038416,-59.911912296774005
12996,-45.5,-85.7,-13.36,0.054015117486000006,-0.065827862034,1.1746785344379997,103.32366355063101,12.334593938416,-60.72880849677401
13011,-28.38,-63.86,-22.68,0.043362757486,-0.055405012034,1.207864364438,101.30202275063101,13.043062238416,-61.361823796774004
13026,-1.67,-22.61,-13.77,0.13787580748600003,-0.11966384203399999,1.075242224438,100.587819450631,13.591538538416,-61.40199369677401
13041,16.21,-6.68,-10.43,0.055789557486,-0.10567836203400001,1.0197891744379999,100.303471450631,13.191890438416,-61.51564579677401
13056,16.56,-10.78,-8.0,-0.006784652514000003,-0.072915452034,1.0861093644380002,99.866064950631,13.200869738416,-61.748118896773995
13071,-0.07,-24.83,8.07,-0.040859462514,0.009416757966,1.1963730844379998,99.724897350631,12.664527238416,-61.853348696774006
13086,-0.7,-18.92,10.3,0.021745147486,-0.022967202034,1.074626994438,99.573537550631,12.938158938416,-61.970228096774015
13101,-1.81,-17.25,10.5,-0.020833892514,0.019103147966,1.1519444144379998,98.853167650631,12.950535638416001,-62.21566259677402
13116,3.62,-5.29,15.37,0.0013033274859999993,-0.022349912034,1.107894694438,99.02396955063098,12.671079138416,-61.77923669677399
13131,11.41,4.87,14.96,-0.05950252251400001,-0.029513292033999997,1.030410704438,98.28415755063098,12.689280638416,-62.344217696773995
13146,10.99,-1.18,11.34,-0.07056505251400001,-0.008710972034000002,1.0413503844379999,98.71030135063098,12.549188838416,-62.322833996773994
13161,0.77,-1.67,14.89,-0.09524841251400001,0.09395784796599999,1.1071157244379999,98.26641415063098,12.560109738416,-62.66182259677401
13176,-3.2,-6.96,21.91,-0.15610898251400002,0.086112357966,1.1293983544379997,98.692557950631,12.420017938416,-62.640438896774015
13191,1.18,-17.04,11.2,-0.19612972251400002,0.06711852796599999,1.1628297944379997,98.55755695063101,12.419775038416,-62.540404096774
13206,32.14,0.56,9.04,-0.031388972514,0.030738637965999994,1.007767364438,98.25175405063098,12.698988638416,-62.876795196774
13221,55.79,17.53,13.01,-0.101604512514,0.0030112779659999993,1.0080372944379998,97.97388675063098,12.297398938416,-62.883931796774
13236,65.74,16.14,12.94,-0.09354693251400001,0.053197867966,1.0852485244380001,98.67374405063099,11.349760338415999,-63.157483596774014
13251,74.71,13.22,21.7,-0.06206690251400001,0.031475097965999996,1.0853818644380002,98.396190850631,10.410129438416,-63.263369296774
13266,73.6,7.72,19.2,-0.15951802251400002,0.16755652796599999,1.1842179344379997,98.51206385063101,9.878155938416,-63.781699696774
13281,55.3,-10.43,2.16,-0.20203626251400003,0.210384777966,1.1506835544379999,98.379075650631,9.204876138416,-63.778472396774006
13296,49.67,-18.57,-8.0,-0.14926975251400001,0.167588937966,1.1177007744379996,97.95525875063099,8.133889838416,-63.995412696774004
13311,43.55,-12.1,-9.18,-0.057773812513999996,0.174167437966,1.0953999044379998,97.666128750631,7.601187638416,-64.21363869677401
13326,49.04,-7.1,-13.91,-0.06495633251400001,0.10390401796599999,0.9629143544379999,96.95903435063101,7.071639938416,-64.344791296774
13341,52.24,-12.45,-21.22,-0.053477552514,0.072798017966,0.9631356444379999,96.643981550631,6.546704138415999,-64.989079296774
13356,67.27,-16.83,-18.3,-0.054799262514,0.10279957796599999,1.062674894438,96.49803195063099,5.877307538416,-65.19888299677402
13371,77.22,-20.8,-9.04,-0.036071082514,0.142790687966,1.0734447544380001,95.786155550631,5.214705738416,-65.43460949677402
13386,99.9,-31.3,-20.52,-0.10832531251400002,0.167112257966,0.9403135744380001,94.91952195063101,5.095727038415999,-65.79109859677399
13401,127.72,-33.04,-44.8,-0.10786650251400001,0.157339107966,0.873878284438,94.484442350631,3.8936282384159995,-66.219128296774
13416,176.7,-24.07,-66.57,0.016412937486,0.11196590796599999,0.785427044438,94.052760150631,2.4215380384159992,-66.643274796774
13431,200.42,-0.35,-61.29,0.07342389748599999,0.211256087966,0.8511437444379999,92.791629850631,0.953815238416,-66.78675899677403
13446,187.69,5.57,-28.03,0.03208435748600001,0.46640136796599996,1.1153115544379997,92.06603565063101,-1.184031261584002,-67.53370539677402
13461,138.23,4.03,-3.76,-0.025731872513999998,0.6321592579659999,1.1141293144379996,91.466820750631,-5.201866661584003,-68.886081696774
13476,133.91,-14.33,3.13,-0.130356262514,0.45399129796599996,0.9271123544380001,91.350505450631,-6.687062261584,-68.76468929677398
13491,154.99,-11.69,4.03,-0.046483412514,0.40030689796599994,0.8055056844380001,90.77904025063098,-8.292449461584003,-69.193374896774
13506,157.43,19.06,5.7,0.09231306748600002,0.4973552879659999,0.704896044438,89.918445050631,-10.430538861584001,-69.840286496774
13521,179.27,36.94,-3.55,0.011891817486000003,0.47012604796599994,0.694086874438,89.67423765063099,-12.994001361584004,-69.70984199677402
13536,177.81,22.82,8.56,-0.151518232514,0.7207177179659999,0.8697219944379999,90.27860635063101,-15.029614861584005,-69.441764196774
13551,177.25,-20.17,0.07,-0.226385482514,0.805421357966,0.880243414438,90.16663075063099,-18.398925461584003,-69.61273589677401
13566,166.96,-48.83,-24.63,-0.15614562251400002,0.833451877966,0.8356327644379998,89.402047350631,-24.062435861584,-69.35704189677399
13581,156.66,-16.0,6.68,-0.232668622514,0.715384267966,0.648142824438,89.01465955063101,-26.489203961584007,-69.23501969677402
13596,156.31,-30.19,-35.55,-0.028378102513999998,0.707619777966,0.548254604438,88.95729875063098,-29.067956361584002,-68.352485996774
13611,160.07,48.56,30.75,0.13378002748600004,0.7320009079659999,0.48141887443799997,89.316517750631,-32.05290876158401,-67.657716396774
13626,161.53,38.12,19.27,-0.021116542514000004,0.778868467966,0.5366328144379999,89.96656545063101,-34.640154661584,-66.74277919677401
13641,167.72,38.05,15.58,-0.058606472514,0.9425690579659999,0.7128012944379999,91.06219905063101,-37.373317161584005,-65.48691179677401
13656,145.18,26.92,-0.56,-0.10666364251400001,1.117753557966,0.766963084438,92.29792975063101,-40.511223861584,-64.325254396774
13671,117.84,25.46,14.26,-0.033822922514,1.085250427966,0.600870194438,93.676526750631,-43.24778376158401,-63.056425596774005
13686,113.6,23.58,19.41,-0.070398142514,0.9852671679659999,0.5129709744379999,94.70737655063101,-46.943633461584014,-60.72829269677401
13701,123.48,23.58,14.4,0.0049643974859999995,0.8912451179659999,0.36950318443799995,95.38611625063098,-48.732554761584005,-59.185912096774
13716,123.2,21.29,23.51,-0.007787452513999996,0.9529589979659999,0.38013970443799994,96.759617150631,-51.064127561584016,-57.92290809677401
13731,114.16,23.58,35.41,0.019849047486000006,1.0227567079659998,0.45718719443799993,97.870981350631,-52.995082261584,-56.25262829677401
13746,89.67,24.0,44.66,-0.015462352513999987,1.1361515379659999,0.5117976444379999,97.97391615063101,-54.50527576158401,-54.84656919677401
13761,63.86,25.81,34.09,-0.131653812514,1.232090277966,0.622034214438,99.36654505063099,-56.304632161584,-53.16526959677402
13776,45.57,31.1,28.38,-0.110343012514,1.2113203679659998,0.544577374438,99.59120535063101,-57.27265836158401,-51.973527196774
13791,34.64,34.09,23.17,-0.11791746251400001,1.1516637879659999,0.35659013443800003,99.966154950631,-59.45540296158401,-50.864345196774
13806,13.22,29.7,15.58,-0.10681845251400002,1.1313162079660002,0.27913937443799997,100.14683495063099,-60.006792461584006,-50.317520596774
13821,-3.2,23.72,-0.7,-0.07407751251400001,1.078833977966,0.290585264438,101.07210895063098,-60.443329361584006,-49.10114109677401
13836,-0.7,43.9,23.03,0.09142277748600003,1.020937247966,0.290866934438,101.345508350631,-60.71283496158401,-49.29732749677401
13851,29.01,41.18,5.22,-0.00864427251399999,0.9732631979659999,0.40215848443799995,101.35198905063099,-60.71477656158401,-49.190811996774
13866,-1.32,8.07,2.16,-0.086069822514,1.119031017966,0.456565884438,101.82551055063098,-61.541496461584,-48.52062729677401
13881,-19.13,-6.68,7.44,-0.064330612514,1.088109007966,0.3680996544379999,103.144210750631,-61.570375961584,-47.71669249677401
13896,-10.92,-10.37,1.25,-0.082606062514,1.038268957966,0.30197968443800005,102.983601050631,-62.10089366158401,-48.14146879677401
13911,-7.79,5.08,13.84,0.009318287486000006,1.034695357966,0.268669424438,102.850612850631,-62.77417346158401,-48.138241496774015
13926,-4.38,0.49,9.46,-0.051542282514000004,1.0268498679659999,0.290952054438,103.590424850631,-62.79237496158402,-47.57326049677402
13941,2.92,-10.57,3.55,-0.080476172514,0.9873568779659999,0.269103094438,102.86835625063101,-62.645002561584,-47.820636596774
13956,8.42,-13.5,2.57,0.01099544748600001,0.9936322179659999,0.291142944438,102.174223250631,-63.17843346158401,-47.738758196774
13971,3.69,-5.63,9.67,0.020350417486000007,1.013514087966,0.3131556444379999,103.195614050631,-63.603077861584005,-47.261506496774
13986,0.9,1.25,13.63,0.009728457486000007,1.024315887966,0.290915574438,103.645981950631,-63.61594036158401,-46.81600239677401
14001,-0.28,0.97,16.56,-0.020478502513999994,1.0154307779660001,0.279924424438,103.224934250631,-63.88083566158401,-46.83156129677401
14016,-1.04,-4.66,13.5,-0.051113872514,1.016697767966,0.279942664438,103.530737150631,-64.160049261584,-46.495170196774
14031,-9.74,-16.21,9.95,-0.062592652514,1.047803767966,0.27972137443799994,103.40253095063099,-64.700274961584,-46.38736899677401
14046,38.75,8.21,-48.42,-0.057084122513999996,0.915068567966,0.24745110443799992,102.831822150631,-64.82653426158402,-46.517865696774
14061,27.55,-8.35,-4.1,-0.03409325251400001,1.0973730679659999,0.323664904438,103.13083025063099,-64.565765061584,-46.189240996774004
14076,21.29,-8.9,-9.81,-0.054927002514000005,1.108597197966,0.301430914438,103.761564050631,-64.591975861584,-45.098163196774
14091,14.96,-19.48,-12.17,-0.054535072514000006,1.097990357966,0.356932604438,103.814037850631,-65.683591061584,-44.44353739677401
14106,11.13,-15.17,-11.2,0.018667177485999997,1.0545014379659998,0.301767304438,103.951808050631,-64.87725716158401,-44.342190796774
14121,9.18,-12.66,-6.47,0.019113827486000004,1.044576707966,0.25750237443799995,103.947026050631,-65.01031126158401,-44.446764696774004
14136,9.74,-10.43,-8.0,0.010181187486000012,1.014466947966,0.235565464438,104.548753750631,-65.29680546158401,-43.88438119677401
14151,9.53,-8.35,-7.37,-4.276251399999709e-05,1.014737697966,0.257741904438,103.97773085063099,-64.885023561584,-43.916128796774004
14166,8.9,-10.57,-8.7,0.010585277486000008,1.004011687966,0.268896794438,103.832851750631,-64.613333461584,-43.926492696774005
14181,12.52,-4.87,-8.7,0.031859597486,0.9827870379659999,0.257951034438,104.862421950631,-65.174915161584,-43.340783896774006
14196,18.09,-5.43,-10.5,0.012292837486000012,0.9633274979659999,0.235944414438,104.730504250631,-64.90710826158401,-43.138116796774
14211,21.77,3.41,-14.05,0.053139997486,0.9616381779659999,0.235920094438,104.175840150631,-64.76920096158399,-42.95295019677401
14226,24.49,7.1,-15.93,0.022076217486000006,0.973057267966,0.24694772443799992,105.196916850631,-64.655804161584,-42.376949396774
14241,27.2,7.17,-13.5,-0.020050092513999997,1.005278677966,0.268915034438,106.102748750631,-65.08651626158401,-41.480116396774
14256,22.75,-7.72,-11.2,-0.08144243251399999,1.0062968579659999,0.49065511443800003,106.38910955063099,-65.35990506158402,-41.463271796774
14271,-47.72,-29.91,-74.09,-0.10316948251400002,1.037370447966,0.5569509844380001,106.123889550631,-65.227336761584,-41.158628296774005
14286,-11.2,12.45,31.93,0.13444846748600003,0.968942167966,0.16928458443799999,106.291608150631,-65.774843061584,-40.82483469677401
14301,-8.77,-3.48,46.89,-0.031051822514000002,1.026838897966,0.169002914438,105.42805785063099,-65.62577196158401,-41.078691496774
14316,-7.72,-8.77,29.57,-0.05962418251399999,0.976360117966,0.25808154443799997,104.129113850631,-66.140758461584,-41.661828896774004
14331,-2.92,2.23,45.84,0.05876695748599999,1.0744805379659998,0.12422852443799999,103.69957265063098,-65.730675261584,-41.687095796774
14346,-2.43,3.76,38.68,0.040418547486,1.023731007966,0.19113071443799998,102.87213735063101,-66.399344761584,-41.50324099677401
14361,-3.97,2.37,45.7,0.018715817486,1.055107757966,0.21308586443799998,101.86402205063101,-66.516624761584,-41.866210796774006
14376,-3.9,-16.07,-63.93,-0.059250492514,0.9655259079659999,0.34683877443799993,101.13717145063099,-66.502306461584,-42.218160796774
14391,-19.76,-15.51,31.37,-0.294519672514,0.9857705479659999,0.302562104438,102.29972985063098,-66.390608361584,-41.635679296774
14406,-18.37,-53.57,86.05,0.25697461748600003,1.207784387966,0.333664284438,101.431397550631,-66.37459136158401,-41.994109996774
14421,-11.55,-71.37,-122.02,0.25826592748599997,1.1774038779659997,0.289550934438,101.13377405063098,-66.23231506158402,-42.222043996774
14436,-0.83,-60.94,6.75,0.21957905748600004,1.1285600679659997,0.201272764438,102.533930950631,-66.110423161584,-42.37220959677401
14451,-2.3,26.5,-61.22,0.16487113748600005,1.2246174779659997,-0.076508445562,102.503226150631,-66.23571086158401,-42.902845496774
14466,-0.35,27.9,-24.07,0.10050741748600003,1.0529417579659999,0.035674344437999994,102.062422250631,-65.95674016158401,-43.139201796774
14481,-3.83,11.69,1.67,-0.084675152514,1.089938937966,0.22400447443799998,102.77662555063101,-66.505216461584,-43.099031896774015
14496,-6.4,-4.52,41.53,-0.07486745251400001,1.099971867966,0.19066706443799997,103.791221550631,-66.389878061584,-42.629546596774
14511,-3.97,4.38,1.81,0.062096957486000005,0.9920510979659999,0.21351628443799997,102.94063265063099,-66.24469016158402,-42.670372396774
14526,-2.3,8.83,-16.0,0.031033177486000006,1.003470187966,0.22454391443799995,102.059338950631,-66.22478996158402,-43.24183409677401
14541,-4.31,0.9,11.9,-0.021298842514,1.036189717966,0.235432124438,102.633445150631,-66.368522061584,-43.10745419677401
14556,-4.31,2.3,6.61,0.010187267486000011,1.014542737966,0.22448028443799997,102.504924850631,-66.370706561584,-42.900903896774
14571,-2.99,5.43,-4.94,0.019982807486000002,1.024424087966,0.213313234438,101.789336950631,-66.22527576158402,-43.04176449677401
14586,-3.62,3.62,2.64,-0.00045293251399999845,1.0251171679659998,0.235495754438,102.636528450631,-66.100472261584,-43.00482189677401
14601,-3.97,2.23,6.68,-2.452251399999439e-05,1.014965067966,0.22448636443799996,102.799150950631,-66.24299146158401,-42.676853096774
14616,-3.2,4.66,-1.39,0.01060959748600001,1.0043148479659998,0.22455607443799996,102.651502650631,-66.777392361584,-42.888598396774
14631,-3.76,3.83,1.04,-2.452251399999439e-05,1.014965067966,0.22448636443799996,101.77467685063101,-66.08639686158399,-43.256737096774
14646,-4.03,2.3,5.08,-0.00044685251399999987,1.025192957966,0.22441057443799997,102.78310625063101,-66.507158061584,-42.992516396774015
14661,-3.55,3.97,0.0,0.010187267486000011,1.014542737966,0.22448028443799997,102.654585950631,-66.50934256158399,-42.785966096774004
14676,-3.48,3.62,1.6,-2.452251399999439e-05,1.014965067966,0.22448636443799996,102.529148950631,-66.24347726158402,-42.47678349677401
14691,-3.83,3.2,2.64,-2.452251399999439e-05,1.014965067966,0.22448636443799996,102.07569775063101,-66.498664561584,-43.02491989677401
14706,-3.69,3.69,1.81,0.010187267486000011,1.014542737966,0.22448028443799997,103.09538985063101,-66.78831326158401,-42.54960979677401
14721,-3.76,3.69,1.95,0.010187267486000011,1.014542737966,0.22448028443799997,102.369923850631,-66.370949461584,-42.800869096774
14736,-3.48,3.9,1.25,0.009764937486000005,1.0247706279659998,0.22440449443799998,101.80229835063099,-66.22915896158402,-42.828733496774
14751,-3.69,3.48,2.64,0.010187267486000011,1.014542737966,0.22448028443799997,102.21887815063099,-66.635358961584,-43.01649759677401
14766,-3.55,3.9,1.67,0.010187267486000011,1.014542737966,0.22448028443799997,102.661066650631,-66.511284161584,-42.679450596774004
14781,-3.69,3.9,1.81,0.01060959748600001,1.0043148479659998,0.22455607443799996,101.810477750631,-66.366096261584,-42.720276396774
14796,-3.69,3.76,2.09,0.009764937486000005,1.0247706279659998,0.22440449443799998,102.217179450631,-66.500363261584,-43.01843919677401
14811,-3.69,3.69,1.46,0.010187267486000011,1.014542737966,0.22448028443799997,102.088659150631,-66.502547761584,-42.81188889677401
14826,-3.48,3.97,2.37,0.010187267486000011,1.014542737966,0.22448028443799997,102.067518350631,-66.36172726158401,-43.133376996774004
14841,-3.62,4.1,0.97,0.009764937486000005,1.0247706279659998,0.22440449443799998,101.358411150631,-66.21823806158402,-43.16772209677401
14856,-3.69,3.62,2.37,0.010187267486000011,1.014542737966,0.22448028443799997,102.22705755063099,-66.772296261584,-42.908040496774
14871,-3.55,3.69,1.32,0.009764937486000005,1.0247706279659998,0.22440449443799998,102.35866115063101,-66.50206196158399,-43.011958496774014
14886,-3.62,3.9,1.11,0.010187267486000011,1.014542737966,0.22448028443799997,101.366904650631,-66.89321656158401,-43.158014096774004
14901,-3.62,3.41,2.43,0.010187267486000011,1.014542737966,0.22448028443799997,101.67069475063101,-66.499393261584,-42.724815496774006
14916,-3.76,4.17,0.77,0.010187267486000011,1.014542737966,0.22448028443799997,102.636528450631,-66.100472261584,-43.00482189677401
14931,-3.69,3.76,1.74,0.010187267486000011,1.014542737966,0.22448028443799997,101.926036650631,-66.360028561584,-43.13985769677401
14946,-3.62,3.76,1.67,0.010187267486000011,1.014542737966,0.22448028443799997,101.49372625063098,-66.75603636158401,-43.366505996774
14961,-3.62,3.9,1.32,0.010187267486000011,1.014542737966,0.22448028443799997,102.095453950631,-67.042530561584,-42.804122496774006
14976,-3.62,3.9,1.67,0.010187267486000011,1.014542737966,0.22448028443799997,101.939312150631,-66.90195296158402,-43.02557579677401
14991,-3.69,3.83,1.32,0.02039905748600001,1.014120407966,0.22447420443799998,101.51146965063099,-66.626865461584,-43.04890109677401
15006,-3.9,3.48,2.23,0.010187267486000011,1.014542737966,0.22448028443799997,101.766811550631,-66.487500761584,-43.463943296774005
15021,-3.55,4.1,0.63,0.010187267486000011,1.014542737966,0.22448028443799997,101.947177450631,-66.50084906158399,-42.818369596774005
15036,-3.62,3.9,1.81,0.010187267486000011,1.014542737966,0.22448028443799997,101.36180855063101,-66.488229461584,-43.16383889677401
15051,-3.62,4.03,1.6,0.02039905748600001,1.014120407966,0.22447420443799998,101.49202755063098,-66.621040661584,-43.368447596774004
15066,-3.69,4.03,0.63,0.010187267486000011,1.014542737966,0.22448028443799997,101.23530105063101,-67.163450861584,-43.05409609677401
15081,-3.76,3.55,2.02,0.010187267486000011,1.014542737966,0.22448028443799997,101.92773535063101,-66.49502426158399,-43.13791609677401
15096,-3.69,3.9,1.18,0.02039905748600001,1.014120407966,0.22447420443799998,101.36828925063101,-66.490171061584,-43.05732339677401
15111,-3.69,3.9,1.32,0.010187267486000011,1.014542737966,0.22448028443799997,101.50807225063099,-66.35687406158401,-43.05278429677401
15126,-3.62,3.83,1.6,0.02039905748600001,1.014120407966,0.22447420443799998,101.942395450631,-66.633903161584,-42.922943496774
15141,-3.76,4.1,0.9,0.02039905748600001,1.014120407966,0.22447420443799998,101.218628150631,-66.351535061584,-43.17226119677401
15156,-3.55,3.9,1.6,0.010187267486000011,1.014542737966,0.22448028443799997,101.09180655063099,-66.48871526158399,-42.963769296774004
15171,-3.55,4.24,0.56,0.02039905748600001,1.014120407966,0.22447420443799998,102.085575850631,-66.77059756158401,-42.914521196774004
15186,-3.69,3.76,1.74,0.010187267486000011,1.014542737966,0.22448028443799997,101.654650050631,-66.763559861584,-43.04047879677401
15201,-3.83,3.76,0.77,0.019976727486000004,1.024348297966,0.224398414438,101.216929450631,-66.21653936158401,-43.17420279677401
15216,-3.69,4.03,0.9,0.02039905748600001,1.014120407966,0.22447420443799998,101.236685650631,-66.760405361584,-42.953405396774
15231,-3.55,3.97,1.95,0.02039905748600001,1.014120407966,0.22447420443799998,101.54557185063099,-66.77156916158401,-42.514381996774006
15246,-3.48,3.97,0.42,0.02039297748600001,1.014044617966,0.235559384438,101.207679550631,-67.020688761584,-43.48209969677401
15261,-3.69,3.69,1.6,0.02039905748600001,1.014120407966,0.22447420443799998,100.92100465063099,-66.20925876158401,-43.400195196774
15276,-3.41,3.9,0.83,0.02039905748600001,1.014120407966,0.22447420443799998,102.082178450631,-66.500606161584,-42.91840439677401
15291,-3.69,3.97,0.97,0.02039905748600001,1.014120407966,0.22447420443799998,101.230204950631,-66.75846376158401,-43.05992089677401
15306,-3.69,4.03,1.67,0.02039905748600001,1.014120407966,0.22447420443799998,100.78122165063098,-66.34255576158401,-43.404734296774
15321,-3.76,4.17,0.56,0.02039905748600001,1.014120407966,0.22447420443799998,101.529213050631,-66.497694561584,-42.731296196774004
15336,-3.9,3.9,1.46,0.02039905748600001,1.014120407966,0.22447420443799998,101.82513785063101,-66.504975161584,-42.50530379677401
15351,-3.76,4.1,0.77,0.019976727486000004,1.024348297966,0.224398414438,100.518014450631,-66.883024361584,-43.19689829677401
15366,-3.62,3.83,0.9,0.019976727486000004,1.024348297966,0.224398414438,101.236685650631,-66.760405361584,-42.953405396774
15381,-3.76,3.55,0.7,0.02039905748600001,1.014120407966,0.22447420443799998,101.671008850631,-67.037434461584,-42.823564596774006
15396,-3.76,4.38,2.5,0.02039905748600001,1.014120407966,0.22447420443799998,101.09010785063099,-66.353719561584,-42.965710896774
15411,-3.62,3.83,1.04,0.02039905748600001,1.014120407966,0.22447420443799998,100.79418305063099,-66.346438961584,-43.19170329677401
15426,-3.76,3.97,0.07,0.02039905748600001,1.014120407966,0.22447420443799998,101.51486705063098,-66.89685686158401,-43.045017896774006
15441,-3.76,3.9,1.95,0.02039905748600001,1.014120407966,0.22447420443799998,101.529213050631,-66.497694561584,-42.731296196774004
15456,-3.62,3.9,1.46,0.02039905748600001,1.014120407966,0.22447420443799998,100.82690065063098,-66.89418816158401,-42.757874896774
15471,-3.69,4.24,-0.07,0.02039905748600001,1.014120407966,0.22447420443799998,101.08840915063098,-66.21872386158401,-42.967652496774
15486,-3.55,3.69,2.09,0.019976727486000004,1.024348297966,0.224398414438,101.228506250631,-66.623468061584,-43.06186249677401
15501,-3.48,3.97,0.7,0.02039905748600001,1.014120407966,0.22447420443799998,100.93736345063101,-66.483133361584,-43.183280996774016
15516,-3.34,4.17,1.04,0.02039905748600001,1.014120407966,0.22447420443799998,100.644836050631,-66.745844161584,-43.405390196774
15531,-4.03,4.03,1.11,0.02039905748600001,1.014120407966,0.22447420443799998,101.675476750631,-66.36633916158401,-42.62024159677401
15546,-3.55,4.03,0.7,0.02039905748600001,1.014120407966,0.22447420443799998,101.381250650631,-66.494054261584,-42.844292396774
15561,-3.69,3.76,1.39,0.02039905748600001,1.014120407966,0.22447420443799998,100.656098750631,-66.614731661584,-43.19430079677401
15576,-3.62,4.38,0.49,0.030610847486000008,1.013698077966,0.22446812443799996,101.36212265063101,-67.02627066158401,-43.262587996774
15591,-3.69,3.97,1.67,0.019976727486000004,1.024348297966,0.224398414438,101.35872525063101,-66.75627926158401,-43.266471196774
15606,-3.55,4.17,1.04,0.030610847486000008,1.013698077966,0.22446812443799996,100.79726635063099,-66.078389161584,-43.08907099677401
15621,-3.69,4.17,0.07,0.02039905748600001,1.014120407966,0.22447420443799998,100.65131675063101,-66.74778576158401,-43.298874696774
15636,-3.62,3.83,1.81,0.019976727486000004,1.024348297966,0.224398414438,101.078845150631,-66.484832061584,-43.17680029677401
15651,-3.48,4.24,0.0,0.02039905748600001,1.014120407966,0.22447420443799998,101.08903735063099,-67.29480626158401,-43.165150696774006
15666,-3.48,3.9,1.11,0.02039905748600001,1.014120407966,0.22447420443799998,100.524181050631,-66.346924761584,-42.991633696774
15681,-3.55,3.9,1.11,0.02039905748600001,1.014120407966,0.22447420443799998,100.25587775063102,-66.482406261584,-42.789622496774
15696,-3.48,4.24,0.7,0.02039905748600001,1.014120407966,0.22447420443799998,101.09860135063099,-67.028698061584,-42.956002896774
15711,-3.55,3.83,1.25,0.030610847486000008,1.013698077966,0.22446812443799996,100.50782225063101,-66.07305016158399,-43.208547896774014
15726,-3.69,4.24,0.56,0.030610847486000008,1.013698077966,0.22446812443799996,100.07890925063099,-66.73904936158401,-43.431312996774004
15741,-3.62,3.97,1.46,0.02039905748600001,1.014120407966,0.22447420443799998,101.09520395063099,-66.758706661584,-42.959886096774
15756,-3.41,3.97,0.63,0.030610847486000008,1.013698077966,0.22446812443799996,101.07267855063098,-67.020931661584,-43.382064896774004
15771,-3.62,4.17,0.21,0.02039297748600001,1.014044617966,0.235559384438,100.50983505063101,-66.746087061584,-43.305355396774004
15786,-3.62,3.76,1.74,0.020405137486000008,1.0141961979660001,0.21338902443799998,100.795881750631,-66.48143466158399,-43.18976169677401
15801,-3.62,4.24,-0.14,0.019976727486000004,1.024348297966,0.224398414438,100.970081050631,-67.03088256158401,-42.749452596774
15816,-3.69,3.97,1.6,0.02039905748600001,1.014120407966,0.22447420443799998,100.20094885063101,-66.734923261584,-43.744378796774
15831,-3.55,3.97,0.97,0.02039905748600001,1.014120407966,0.22447420443799998,100.79248435063099,-66.21144326158401,-43.19364489677401
15846,-3.69,4.24,0.21,0.030616927486000013,1.013773867966,0.21338294443799996,101.24794835063099,-66.629292861584,-42.742315996774
15861,-3.55,3.62,1.46,0.02039905748600001,1.014120407966,0.22447420443799998,100.942459550631,-66.88812046158401,-43.17745619677401
15876,-3.41,4.1,0.42,0.030610847486000008,1.013698077966,0.22446812443799996,100.08677455063099,-66.33794546158401,-43.22410679677401
15891,-3.55,3.97,1.18,0.02039905748600001,1.014120407966,0.22447420443799998,100.789401050631,-66.479493061584,-43.29627719677401
15906,-3.41,4.17,0.63,0.030610847486000008,1.013698077966,0.22446812443799996,100.670758850631,-66.75361056158401,-42.979328196774
15921,-3.69,4.03,0.63,0.030610847486000008,1.013698077966,0.22446812443799996,99.942209550631,-66.60429656158401,-43.333219796774
15936,-3.62,3.76,1.81,0.030610847486000008,1.013698077966,0.22446812443799996,100.51291835063101,-66.47803726158399,-43.202723096774015
15951,-3.69,4.38,-0.14,0.030610847486000008,1.013698077966,0.22446812443799996,101.10986405063097,-66.89758556158401,-42.744913496774
15966,-3.55,3.97,1.53,0.030610847486000008,1.013698077966,0.22446812443799996,100.52141185063101,-67.15301576158399,-43.19301509677401
15981,-3.76,3.9,0.63,0.030188517486000002,1.023925967966,0.22439233443799997,99.81199055063101,-66.471485361584,-43.12861109677401
15996,-3.69,4.03,0.28,0.031033177486000006,1.003470187966,0.22454391443799995,100.54223855063101,-66.75579506158401,-42.772777896774
16011,-3.9,3.9,1.81,0.030610847486000008,1.013698077966,0.22446812443799996,100.82658655063099,-66.356146961584,-42.659125796774006
16026,-3.69,4.45,0.21,0.030610847486000008,1.013698077966,0.22446812443799996,100.06594785063099,-66.735166161584,-43.644343996774005
16041,-3.76,4.03,1.04,0.030188517486000002,1.023925967966,0.22439233443799997,100.522796450631,-66.74997026158401,-43.09232439677401
16056,-3.62,3.9,0.83,0.030610847486000008,1.013698077966,0.22446812443799996,100.947241550631,-66.755066361584,-43.07288229677401
16071,-3.62,4.17,0.42,0.030610847486000008,1.013698077966,0.22446812443799996,100.51631575063101,-66.748028661584,-43.19883989677401
16086,-3.62,3.83,1.46,0.030610847486000008,1.013698077966,0.22446812443799996,100.35199455063099,-66.470513761584,-43.52875029677401
16101,-3.48,4.52,-0.21,0.030610847486000008,1.013698077966,0.22446812443799996,100.674156250631,-67.023601961584,-42.975444996774
16116,-3.69,3.76,1.74,0.031033177486000006,1.003470187966,0.22454391443799995,100.675854950631,-67.158597661584,-42.973503396774
16131,-3.62,4.1,0.14,0.030610847486000008,1.013698077966,0.22446812443799996,99.80582395063101,-67.007584961584,-43.33387569677401
16146,-3.55,4.38,0.42,0.031033177486000006,1.003470187966,0.22454391443799995,100.658111550631,-67.28776856158402,-43.291108296774
16161,-3.76,3.83,1.81,0.030610847486000008,1.013698077966,0.22446812443799996,100.93736345063101,-66.483133361584,-43.183280996774016
16176,-3.34,4.24,-0.21,0.030610847486000008,1.013698077966,0.22446812443799996,99.95347225063101,-66.47318406158399,-43.12213039677401
16191,-3.62,3.97,1.18,0.02039905748600001,1.014120407966,0.22447420443799998,99.94730565063101,-67.009283661584,-43.327394996774004
16206,-3.69,3.97,1.11,0.030610847486000008,1.013698077966,0.22446812443799996,100.96498495063099,-66.62589546158401,-42.755277396774
16221,-3.69,4.17,0.35,0.030610847486000008,1.013698077966,0.22446812443799996,100.953722250631,-66.75700796158401,-42.966366796774
16236,-3.69,3.83,1.25,0.030610847486000008,1.013698077966,0.22446812443799996,99.94730565063101,-67.009283661584,-43.327394996774004
16251,-3.69,4.24,-0.07,0.030610847486000008,1.013698077966,0.22446812443799996,100.80406115063099,-66.618371961584,-43.08130459677401
16266,-3.55,4.03,1.11,0.030610847486000008,1.013698077966,0.22446812443799996,100.53745655063099,-66.888849161584,-42.877351796774
16281,-3.62,4.1,0.14,0.040822637486000006,1.013275747966,0.22446204443799997,99.799343250631,-67.005643361584,-43.44039119677401
16296,-3.69,3.97,0.77,0.031033177486000006,1.003470187966,0.22454391443799995,99.956869650631,-66.743175461584,-43.11824719677401
16311,-3.62,3.9,1.53,0.030188517486000002,1.023925967966,0.22439233443799997,100.672457550631,-66.88860626158402,-42.977386596774
16326,-3.76,4.31,-0.21,0.030610847486000008,1.013698077966,0.22446812443799996,100.38162885063099,-67.28631276158401,-43.19755419677401
16341,-3.76,3.97,1.46,0.030188517486000002,1.023925967966,0.22439233443799997,99.952087650631,-66.87622956158401,-43.222821096774005
16356,-3.48,4.1,0.63,0.040822637486000006,1.013275747966,0.22446204443799997,100.38131475063099,-66.748271561584,-43.09880509677401
16371,-3.55,4.45,-0.35,0.040822637486000006,1.013275747966,0.22446204443799997,100.526193850631,-67.019961661584,-43.08844119677401
16386,-3.76,3.76,1.81,0.030610847486000008,1.013698077966,0.22446812443799996,100.37653275063099,-66.88132566158401,-43.203378996774006
16401,-3.76,4.24,-0.14,0.030610847486000008,1.013698077966,0.22446812443799996,99.934030150631,-66.467359261584,-43.441676896774005
16416,-3.83,3.97,1.11,0.030610847486000008,1.013698077966,0.22446812443799996,100.82041995063098,-66.89224656158402,-42.864390396774
16431,-3.62,3.83,0.56,0.030610847486000008,1.013698077966,0.22446812443799996,100.244615050631,-66.613518761584,-43.000711896774
16446,-3.62,4.17,0.49,0.040822637486000006,1.013275747966,0.22446204443799997,99.815387950631,-66.74147676158401,-43.124727896774004
16461,-3.97,3.76,1.25,0.041244967486000005,1.0030478579659998,0.22453783443799996,100.235051050631,-66.87962696158401,-43.209859696774004
16476,-3.76,4.38,-0.14,0.040822637486000006,1.013275747966,0.22446204443799997,100.236749750631,-67.014622661584,-43.20791809677401
16491,-3.76,3.97,1.53,0.030610847486000008,1.013698077966,0.22446812443799996,99.509585050631,-66.46226316158399,-43.461118996774005
16506,-3.69,4.1,0.56,0.040822637486000006,1.013275747966,0.22446204443799997,99.65924615063099,-66.600899161584,-43.346181196774005
16521,-3.76,4.24,-0.28,0.030610847486000008,1.013698077966,0.22446812443799996,100.51631575063101,-66.748028661584,-43.19883989677401
16536,-3.69,3.69,2.5,0.030610847486000008,1.013698077966,0.22446812443799996,100.22208965063099,-66.875743761584,-43.422890696774
16551,-3.55,4.52,-0.9,0.040822637486000006,1.013275747966,0.22446204443799997,99.930946850631,-66.73540906158401,-43.544309196774
16566,-3.55,4.03,1.11,0.041244967486000005,1.0030478579659998,0.22453783443799996,100.09325525063099,-66.33988706158401,-43.11759129677401
16581,-3.48,4.03,1.04,0.040822637486000006,1.013275747966,0.22446204443799997,100.39257745063098,-66.617159061584,-42.887715696774
16596,-3.55,4.38,-0.42,0.040822637486000006,1.013275747966,0.22446204443799997,99.517764450631,-66.599200461584,-43.352661896774
16611,-3.48,3.9,1.39,0.030194597486000008,1.024001757966,0.21330715443799997,100.08400535063099,-67.144036461584,-43.425488196774005
16626,-3.27,4.24,0.0,0.040822637486000006,1.013275747966,0.22446204443799997,100.80406115063099,-66.618371961584,-43.08130459677401
16641,-3.76,4.1,1.25,0.030610847486000008,1.013698077966,0.22446812443799996,99.95038895063101,-66.741233861584,-43.22476269677401
16656,-3.62,3.83,0.42,0.040822637486000006,1.013275747966,0.22446204443799997,99.799343250631,-67.005643361584,-43.44039119677401
16671,-3.76,4.1,0.42,0.030188517486000002,1.023925967966,0.22439233443799997,100.510149150631,-67.28412826158402,-43.404104496774
16686,-2.92,50.71,104.9,0.04082871748600001,1.013351537966,0.21337686443799997,100.694982950631,-66.626381261584,-42.555207796774006
16701,-13.91,-44.45,34.92,0.048002247486,0.839401617966,0.22575047443799998,96.94686975063101,-66.69585316158401,-43.893434896774004
16716,-0.07,16.42,46.47,0.526722697486,1.094752277966,0.30100856443800006,98.517828550631,-66.85341776158401,-43.607174596774
16731,-15.3,-2.09,24.0,-0.005104642513999995,1.1375481679659998,0.24574724443799997,98.12918435063101,-67.128021061584,-43.090155996774
16746,-23.79,1.53,93.5,0.09746598748600001,1.123475927966,0.19033633443799997,96.667617850631,-67.50048836158399,-44.00126219677401
16761,-32.56,14.96,123.76,0.21998922748599997,1.118180597966,0.22351891443799995,94.94529925063101,-67.069292061584,-44.404401896774004
16776,-48.97,16.35,105.88,0.19826825748600002,1.1493299779659998,0.278729604438,93.408756750631,-67.59447236158401,-44.254892196774
16791,-72.28,24.35,99.27,0.34800566748600004,1.2240602479659999,0.388883884438,91.808791850631,-67.697191161584,-45.069846796774
16806,-104.07,27.62,122.64,0.34336611748600004,1.336642827966,0.37696501443799996,86.372753150631,-67.036108461584,-48.512864096773995
16821,-109.01,9.25,17.32,0.10377344748600001,1.213816177966,0.3780962044379999,84.86211025063099,-66.586951961584,-50.074712896774
16836,-78.68,27.97,-20.87,0.19820137748600003,1.148496287966,0.40066658443799996,83.767733050631,-66.00595426158401,-51.725576696774006
16851,-90.99,-5.01,-41.04,0.173530177486,1.251316687966,0.44426156443799997,82.222673850631,-64.87405286158402,-53.723195496774
16866,-93.57,29.77,-25.74,0.329730217486,1.1742201979659999,0.32276391443799995,81.389491050631,-63.07954966158401,-55.48508779677401
16881,-108.45,17.11,-19.69,0.16548475748600003,1.2012816779659998,0.34487997443799995,80.572981150631,-62.096962261584004,-57.12881499677401
16896,-221.22,-18.16,-53.43,0.4252304174860001,1.823585617966,0.34001075443799994,79.564214450631,-60.156056661583996,-59.431707096774
16911,-282.16,9.95,40.07,0.072263017486,1.235159997966,0.4333887644379999,73.942632850631,-52.44607356158401,-64.57342009677402
16926,-244.94,35.48,95.37,0.6261791974859999,0.662105417966,0.25980238443799997,71.34019605063101,-47.51657686158399,-66.990315096774
16941,-192.77,67.69,19.97,0.34696670748600006,0.753891437966,0.4699786444379999,69.458129150631,-42.599456861584,-69.161775596774
16956,-190.68,44.94,-14.05,0.26651796748600004,0.9704207979659999,0.645792494438,69.169860550631,-38.115717661584,-70.72354609677402
16971,-186.85,39.93,-13.84,0.24101135748600006,0.8497110079659999,0.5358684144379999,69.774462450631,-34.058807361584,-71.601514596774
16986,-156.31,34.64,-32.56,0.283086117486,0.572745727966,0.47138542443799997,70.11107515063101,-30.675419761584003,-72.37622099677401
17001,-125.36,37.77,-45.98,0.24304105748599997,0.5534487379659999,0.549157584438,70.47222605063101,-27.702844061584006,-72.82555609677401
17016,-129.18,45.22,-45.22,0.19407842748600002,0.7483311179659999,0.7140195944379999,71.990839250631,-24.213583161584005,-72.698234496774
17031,-156.52,29.7,-29.91,0.16003401748600002,0.8310422779659999,0.7688574144379999,74.91237855063099,-19.796339361584003,-72.51969709677401
17046,-153.53,26.85,-37.01,0.137851327486,0.6278272579659999,0.7593062744379999,75.893000550631,-16.981086961584,-72.089043796774
17061,-158.05,21.36,-18.5,0.147604307486,0.637178077966,0.8257354844379999,77.168162750631,-14.576160661584,-71.533088796774
17076,-132.45,41.04,-27.55,0.186306507486,0.44211170796599997,0.7495609944380001,78.740948450631,-12.313510661584,-70.749199796774
17091,-100.38,61.15,-30.89,0.22073676748600002,0.348717917966,0.761310044438,80.465722150631,-11.400574761584002,-70.04592959677402
17106,-85.29,67.34,-27.34,0.138136987486,0.371794437966,0.8720589044379999,81.89085955063099,-9.672325661584,-69.473785896774
17121,-96.14,60.17,-35.97,0.11686266748600004,0.39301908796599994,0.8830046644380001,83.78335185063099,-9.306896061584,-68.436722096774
17136,-104.35,20.8,-27.06,-0.11721856251400001,0.38159478796599994,0.9830627044379999,86.467164450631,-7.455056361584002,-68.021224696774
17151,-94.75,65.88,-30.68,0.2606723874860001,0.366650687966,0.883071124438,87.37406685063098,-6.944681761584002,-66.92495189677402
17166,-93.01,38.05,-1.6,-0.002312332514000001,0.31611234796599996,0.905854304438,88.796749150631,-6.560564861584002,-66.652938696774
17181,-74.85,54.54,-13.29,0.12360778748600001,0.22922126796599998,0.906387664438,89.36034905063099,-5.356281561584,-66.431459296774
17196,-70.61,33.88,-15.1,-0.041947222514,0.28643588796599995,1.005872614438,90.218803250631,-5.100365561584001,-66.183427296774
17211,-61.15,31.03,-14.61,-0.040251822514,0.245600117966,0.995090594438,91.519445950631,-4.720374761583999,-65.598348296774
17226,-54.47,24.7,-2.85,0.0010480674860000004,0.234061857966,0.9397161644380001,91.94835895063099,-4.054375561583999,-65.37558319677402
17241,-35.97,31.86,-3.06,0.015513557486000001,0.131739577966,0.885042084438,92.803415750631,-3.5284681615840015,-65.13143439677401
17256,-21.63,36.45,-2.85,0.014674977486,0.15227114796600003,0.873805324438,93.094244450631,-3.1307616615840006,-64.911266796774
17271,-8.42,31.65,-7.65,0.006580917486000001,0.10162981796599999,0.863105174438,93.842235850631,-3.285900461584002,-64.23782869677403
17286,-5.43,17.81,-11.2,-0.098946022514,0.187297287966,0.917985554438,94.245540150631,-3.150176061584,-64.539874696774
17301,-1.32,14.4,-18.5,0.012061957486,0.212653217966,1.0174579244379998,94.53838165063098,-3.4255064615839994,-64.41651459677401
17316,2.71,22.61,-14.26,-0.020299212514000003,0.254377027966,1.0836840844380002,95.120353150631,-3.1681346615840003,-64.074928496774
17331,-5.77,12.31,0.77,-0.042399952514,0.296284827966,1.0612227244380001,94.977172750631,-3.0314402615840033,-64.083350796774
17346,-9.67,4.24,4.87,-0.020691142514000005,0.264983867966,1.028182394438,95.27171295063098,-3.4417663615839995,-63.95804909677401
17361,-8.21,-3.69,7.17,-0.018543012514000003,0.21429915796600002,0.9620502644379998,94.985352150631,-3.168377561584,-63.974893696774004
17376,1.39,4.87,10.3,0.011272017486,0.233791107966,0.917539724438,95.393752550631,-3.4376402615839994,-64.271114896774
17391,11.97,17.67,2.71,0.00018516748600000063,0.25429026796599996,0.9728201244379999,95.140109350631,-3.7120006615840033,-63.854131096774005
17406,12.38,17.74,-0.83,-0.031747592514,0.285861977966,1.0280368944379998,95.27511035063098,-3.7117577615840034,-63.95416589677401
17421,4.1,9.95,5.63,-0.025373252514,0.37703591796599994,1.093859784438,95.27511035063098,-3.7117577615840034,-63.95416589677401
17436,-4.87,2.5,18.09,-0.025355012514000002,0.37726328796599995,1.0606042444380002,94.990448250631,-3.5733646615840016,-63.969068896774004
17451,-6.05,-1.81,23.1,-0.023635292514,0.3367306779659999,1.0054815044379999,95.706036150631,-3.718795461584003,-63.828208296774
17466,0.97,1.18,17.39,-0.021499322514000004,0.285894387966,0.9615197344379999,95.136711950631,-3.4420092615839994,-63.85801429677401
17481,10.92,3.69,9.25,-0.041494492514,0.276586947966,0.950522504438,94.842485850631,-3.5697243615840013,-64.082065096774
17496,17.32,3.41,9.25,-0.042333072514,0.297118517966,0.9392857444380001,94.996928950631,-3.5753062615840014,-63.862553396774004
17511,27.62,9.81,3.76,0.0006257374859999984,0.244289747966,0.9396403744380001,95.13054535063101,-3.978108861584002,-64.06327889677401
17526,28.87,7.93,9.81,-0.012554522514,0.31615572796599994,0.9612862844379999,95.13394275063101,-4.248100261584002,-64.059395696774
17541,27.69,1.53,10.92,-0.033412592514,0.327076697966,0.9833930144379999,94.695151650631,-4.642166461584003,-64.392559496774
17556,29.7,1.32,13.5,0.007434567486,0.325387377966,0.9833686944379999,94.698549050631,-4.912157861584001,-64.388676296774
17571,36.03,-1.95,4.24,-0.033002422514,0.316697227966,1.0056391644379998,94.406021650631,-5.174868661584001,-64.61078549677401
17586,37.84,-7.3,8.56,-0.0036522825139999986,0.34588653796599994,1.038649094438,93.965531850631,-5.433939161583999,-64.94589089677399
17601,37.36,-10.99,17.04,0.015498227486000004,0.375649757966,1.049494744438,93.541400850631,-5.966884261584003,-65.06408209677402
17616,42.43,-15.86,8.07,-0.055084922514,0.35883239796599997,0.949922264438,93.227732650631,-6.088774561583999,-65.607679396774
17631,50.57,-19.13,3.76,-0.07674509251400001,0.39073967796599995,0.894281154438,92.801902950631,-6.486723961584,-65.727812196774
17646,54.47,-8.35,6.19,0.0049431474860000026,0.38728524796599995,0.905317694438,92.21823275063102,-6.6091000615840025,-66.071339896774
17661,66.99,-5.15,-5.01,0.005359397485999999,0.37698156796599996,0.916478664438,91.670677550631,-7.549216761584002,-65.977155996774
17676,73.67,-8.35,-12.52,-0.029058702514,0.4705269379659999,0.882559254438,91.231886450631,-7.9432829615840035,-66.310319796774
17691,69.36,-44.1,-35.06,-0.15170962251400003,0.47423067796599994,1.0821654544380002,90.206655950631,-9.265816261584003,-67.188392696774
17706,59.83,-40.28,-4.45,0.039400637486000006,0.538332167966,1.003923144438,89.06215505063099,-9.786384661584,-67.55201839677402
17721,67.76,-41.74,17.25,0.051772717486000014,0.48737670796599997,0.915614574438,87.90978885063099,-10.708056961584,-68.122850296774
17736,84.66,-37.01,-13.01,0.053933007485999995,0.43684357796599993,0.8273120844379999,87.21395715063099,-11.106492161584,-68.042913496774
17751,103.44,-35.97,-30.54,0.043311047486,0.44764537796599996,0.8050720144380001,85.77554425063099,-12.292816861584004,-68.72933909677401
17766,113.18,-24.83,-27.62,0.14373354748600004,0.48425784796599997,0.8157932344379999,85.188034350631,-14.162370661584001,-69.473687996774
17781,113.11,-22.89,-23.23,0.14285848748600002,0.504334677966,0.871067554438,84.51535625063099,-15.374663261584,-69.16907059677402
17796,88.56,-27.48,13.91,0.168395497486,0.625423417966,0.925565734438,83.66231225063099,-16.573607561584005,-69.510026896774
17811,74.92,-43.76,41.32,0.118217687486,0.6075340279659999,0.8592366344379999,81.368086150631,-19.764967561584,-70.73879019677402
17826,85.15,-54.4,48.42,0.13233988748600004,0.5164249079659999,0.660379424438,79.809332350631,-21.090414061584,-71.110208396774
17841,105.95,-49.11,34.3,0.14215974748600002,0.526609417966,0.604871654438,78.387278250631,-22.550613361584002,-71.57971979677403
17856,121.18,-34.5,7.44,0.18685942748600004,0.677612957966,0.648045124438,77.14621825063101,-25.100243361584006,-71.60115569677401
17871,118.89,-7.23,57.04,0.233211947486,0.787250197966,0.758032834438,76.32652005063099,-27.923019261584,-71.705781796774
17886,114.78,-5.7,30.75,0.08680136748600001,0.8741522479659999,0.879448614438,75.958260250631,-29.817570961584003,-71.165463996774
17901,93.7,-31.72,23.65,0.043420227485999996,0.9372089079659999,0.879018194438,75.130068550631,-31.965368361583998,-71.279798096774
17916,83.55,-27.13,48.97,0.20819137748600003,0.901207967966,0.6685298644380001,74.369953050631,-36.957783461584,-70.82078109677401
